Error: KiotaBuilder OpenAPI error: #/paths/~1v2~1api-keys~1{keyId} - The path signature '/v2/api-keys/{}' MUST be unique.
Error: KiotaBuilder OpenAPI error: #/paths/~1v2~1organizations~1{slug} - The path signature '/v2/organizations/{}' MUST be unique.
Error: KiotaBuilder OpenAPI error: #/paths/~1v2~1organizations~1{slug}~1projects - The path signature '/v2/organizations/{}/projects' MUST be unique.
Error: KiotaBuilder OpenAPI error: #/paths/~1v2~1organizations~1{slug}~1projects-with-stats - The path signature '/v2/organizations/{}/projects-with-stats' MUST be unique.
Error: KiotaBuilder OpenAPI error: #/paths/~1v2~1projects~1{projectId}~1keys~1{id} - The path signature '/v2/projects/{}/keys/{}' MUST be unique.
Warning: KiotaBuilder Could not create error type for 400 in acceptInvitation
Warning: KiotaBuilder Could not create error type for 400 in acceptInvitationPut
Warning: KiotaBuilder Could not create error type for 400 in acceptSuggestion
Warning: KiotaBuilder Could not create error type for 400 in addFiles
Warning: KiotaBuilder Could not create error type for 400 in aiPlaygroundTranslate
Warning: KiotaBuilder Could not create error type for 400 in all
Warning: KiotaBuilder Could not create error type for 400 in allByProject
Warning: KiotaBuilder Could not create error type for 400 in allByUser
Warning: KiotaBuilder Could not create error type for 400 in applyImport
Warning: KiotaBuilder Could not create error type for 400 in assign
Warning: KiotaBuilder Could not create error type for 400 in assignLabel
Warning: KiotaBuilder Could not create error type for 400 in assignLabel_2
Warning: KiotaBuilder Could not create error type for 400 in assignTranslationLabel
Warning: KiotaBuilder Could not create error type for 400 in authenticateUser
Warning: KiotaBuilder Could not create error type for 400 in authenticateUser_1
Warning: KiotaBuilder Could not create error type for 400 in autoTranslate
Warning: KiotaBuilder Could not create error type for 400 in calculateScope
Warning: KiotaBuilder Could not create error type for 400 in cancel
Warning: KiotaBuilder Could not create error type for 400 in cancelImport
Warning: KiotaBuilder Could not create error type for 400 in cancelSubscription
Warning: KiotaBuilder Could not create error type for 400 in cancelTask
Warning: KiotaBuilder Could not create error type for 400 in clearTranslations
Warning: KiotaBuilder Could not create error type for 400 in closeTask
Warning: KiotaBuilder Could not create error type for 400 in completeGuideStep
Warning: KiotaBuilder Could not create error type for 400 in complexEdit
Warning: KiotaBuilder Could not create error type for 400 in connectToSlack
Warning: KiotaBuilder Could not create error type for 400 in connectWorkspace
Warning: KiotaBuilder Could not create error type for 400 in copyTranslations
Warning: KiotaBuilder Could not create error type for 400 in create
Warning: KiotaBuilder Could not create error type for 400 in createLabel
Warning: KiotaBuilder Could not create error type for 400 in createLanguage
Warning: KiotaBuilder Could not create error type for 400 in createMultiple
Warning: KiotaBuilder Could not create error type for 400 in createOrUpdateTranslations
Warning: KiotaBuilder Could not create error type for 400 in createProject
Warning: KiotaBuilder Could not create error type for 400 in createPrompt
Warning: KiotaBuilder Could not create error type for 400 in createProvider
Warning: KiotaBuilder Could not create error type for 400 in createSuggestion
Warning: KiotaBuilder Could not create error type for 400 in createSuppression
Warning: KiotaBuilder Could not create error type for 400 in createTask
Warning: KiotaBuilder Could not create error type for 400 in createTasks
Warning: KiotaBuilder Could not create error type for 400 in createTranslationOrder
Warning: KiotaBuilder Could not create error type for 400 in create_1
Warning: KiotaBuilder Could not create error type for 400 in create_10
Warning: KiotaBuilder Could not create error type for 400 in create_11
Warning: KiotaBuilder Could not create error type for 400 in create_13
Warning: KiotaBuilder Could not create error type for 400 in create_14
Warning: KiotaBuilder Could not create error type for 400 in create_15
Warning: KiotaBuilder Could not create error type for 400 in create_16
Warning: KiotaBuilder Could not create error type for 400 in create_17
Warning: KiotaBuilder Could not create error type for 400 in create_18
Warning: KiotaBuilder Could not create error type for 400 in create_19
Warning: KiotaBuilder Could not create error type for 400 in create_3
Warning: KiotaBuilder Could not create error type for 400 in create_5
Warning: KiotaBuilder Could not create error type for 400 in create_6
Warning: KiotaBuilder Could not create error type for 400 in create_9
Warning: KiotaBuilder Could not create error type for 400 in currentJobs
Warning: KiotaBuilder Could not create error type for 400 in declineSuggestion
Warning: KiotaBuilder Could not create error type for 400 in delete
Warning: KiotaBuilder Could not create error type for 400 in deleteBranchMerge
Warning: KiotaBuilder Could not create error type for 400 in deleteGroup
Warning: KiotaBuilder Could not create error type for 400 in deleteInvitation
Warning: KiotaBuilder Could not create error type for 400 in deleteKeys
Warning: KiotaBuilder Could not create error type for 400 in deleteLabel
Warning: KiotaBuilder Could not create error type for 400 in deleteLanguage
Warning: KiotaBuilder Could not create error type for 400 in deleteLanguageSettings
Warning: KiotaBuilder Could not create error type for 400 in deleteLanguage_2
Warning: KiotaBuilder Could not create error type for 400 in deleteMultiple
Warning: KiotaBuilder Could not create error type for 400 in deleteMultipleGroups
Warning: KiotaBuilder Could not create error type for 400 in deleteProject
Warning: KiotaBuilder Could not create error type for 400 in deletePrompt
Warning: KiotaBuilder Could not create error type for 400 in deleteProvider
Warning: KiotaBuilder Could not create error type for 400 in deleteScreenshots_1
Warning: KiotaBuilder Could not create error type for 400 in deleteSuggestion
Warning: KiotaBuilder Could not create error type for 400 in deleteUser
Warning: KiotaBuilder Could not create error type for 400 in delete_1
Warning: KiotaBuilder Could not create error type for 400 in delete_10
Warning: KiotaBuilder Could not create error type for 400 in delete_11
Warning: KiotaBuilder Could not create error type for 400 in delete_12
Warning: KiotaBuilder Could not create error type for 400 in delete_14
Warning: KiotaBuilder Could not create error type for 400 in delete_16
Warning: KiotaBuilder Could not create error type for 400 in delete_18
Warning: KiotaBuilder Could not create error type for 400 in delete_2
Warning: KiotaBuilder Could not create error type for 400 in delete_20
Warning: KiotaBuilder Could not create error type for 400 in delete_4
Warning: KiotaBuilder Could not create error type for 400 in delete_5
Warning: KiotaBuilder Could not create error type for 400 in delete_6
Warning: KiotaBuilder Could not create error type for 400 in delete_7
Warning: KiotaBuilder Could not create error type for 400 in delete_8
Warning: KiotaBuilder Could not create error type for 400 in delete_9
Warning: KiotaBuilder Could not create error type for 400 in disableMfa
Warning: KiotaBuilder Could not create error type for 400 in disableUser
Warning: KiotaBuilder Could not create error type for 400 in disconnectWorkspace
Warning: KiotaBuilder Could not create error type for 400 in dismiss
Warning: KiotaBuilder Could not create error type for 400 in dismissAutoTranslatedState
Warning: KiotaBuilder Could not create error type for 400 in doExportJsonZip
Warning: KiotaBuilder Could not create error type for 400 in dryRunMerge
Warning: KiotaBuilder Could not create error type for 400 in edit
Warning: KiotaBuilder Could not create error type for 400 in editLanguage
Warning: KiotaBuilder Could not create error type for 400 in editProject
Warning: KiotaBuilder Could not create error type for 400 in enableMfa
Warning: KiotaBuilder Could not create error type for 400 in enableUser
Warning: KiotaBuilder Could not create error type for 400 in executeComplexTagOperation
Warning: KiotaBuilder Could not create error type for 400 in export
Warning: KiotaBuilder Could not create error type for 400 in exportData
Warning: KiotaBuilder Could not create error type for 400 in exportPost
Warning: KiotaBuilder Could not create error type for 400 in exportTmx
Warning: KiotaBuilder Could not create error type for 400 in fetchBotEvent
Warning: KiotaBuilder Could not create error type for 400 in find
Warning: KiotaBuilder Could not create error type for 400 in findProvider
Warning: KiotaBuilder Could not create error type for 400 in finishTask
Warning: KiotaBuilder Could not create error type for 400 in generateOrganizationSlug
Warning: KiotaBuilder Could not create error type for 400 in generateUserToken
Warning: KiotaBuilder Could not create error type for 400 in get
Warning: KiotaBuilder Could not create error type for 400 in getActivity
Warning: KiotaBuilder Could not create error type for 400 in getAiPlaygroundResult
Warning: KiotaBuilder Could not create error type for 400 in getAll
Warning: KiotaBuilder Could not create error type for 400 in getAllBaseLanguagesInUse
Warning: KiotaBuilder Could not create error type for 400 in getAllIds
Warning: KiotaBuilder Could not create error type for 400 in getAllKeys
Warning: KiotaBuilder Could not create error type for 400 in getAllLanguageSettings
Warning: KiotaBuilder Could not create error type for 400 in getAllLanguagesInUse
Warning: KiotaBuilder Could not create error type for 400 in getAllNamespaces
Warning: KiotaBuilder Could not create error type for 400 in getAllNamespaces_2
Warning: KiotaBuilder Could not create error type for 400 in getAllPaged
Warning: KiotaBuilder Could not create error type for 400 in getAllProjects_1
Warning: KiotaBuilder Could not create error type for 400 in getAllSingleOwnedOrganizations
Warning: KiotaBuilder Could not create error type for 400 in getAllStoredEntryIds
Warning: KiotaBuilder Could not create error type for 400 in getAllTranslations
Warning: KiotaBuilder Could not create error type for 400 in getAllUsers
Warning: KiotaBuilder Could not create error type for 400 in getAllUsers_1
Warning: KiotaBuilder Could not create error type for 400 in getAllWithStatistics_2
Warning: KiotaBuilder Could not create error type for 400 in getAllWithStats
Warning: KiotaBuilder Could not create error type for 400 in getAllWithStats_1
Warning: KiotaBuilder Could not create error type for 400 in getAllWithTranslations
Warning: KiotaBuilder Could not create error type for 400 in getAll_1
Warning: KiotaBuilder Could not create error type for 400 in getAll_10
Warning: KiotaBuilder Could not create error type for 400 in getAll_11
Warning: KiotaBuilder Could not create error type for 400 in getAll_12
Warning: KiotaBuilder Could not create error type for 400 in getAll_13
Warning: KiotaBuilder Could not create error type for 400 in getAll_14
Warning: KiotaBuilder Could not create error type for 400 in getAll_16
Warning: KiotaBuilder Could not create error type for 400 in getAll_3
Warning: KiotaBuilder Could not create error type for 400 in getAll_5
Warning: KiotaBuilder Could not create error type for 400 in getAll_7
Warning: KiotaBuilder Could not create error type for 400 in getAll_9
Warning: KiotaBuilder Could not create error type for 400 in getAssignedGlossaries
Warning: KiotaBuilder Could not create error type for 400 in getAssignedProjects
Warning: KiotaBuilder Could not create error type for 400 in getAssignedProjects_1
Warning: KiotaBuilder Could not create error type for 400 in getAuthenticationUrl
Warning: KiotaBuilder Could not create error type for 400 in getAvailableProviders
Warning: KiotaBuilder Could not create error type for 400 in getBatchJobQueue
Warning: KiotaBuilder Could not create error type for 400 in getBigMeta
Warning: KiotaBuilder Could not create error type for 400 in getBillingInfo
Warning: KiotaBuilder Could not create error type for 400 in getBlockingTasks
Warning: KiotaBuilder Could not create error type for 400 in getBranchMergeSessionChange
Warning: KiotaBuilder Could not create error type for 400 in getBranchMergeSessionChanges
Warning: KiotaBuilder Could not create error type for 400 in getBranchMergeSessionConflicts
Warning: KiotaBuilder Could not create error type for 400 in getBranchMergeSessionPreview
Warning: KiotaBuilder Could not create error type for 400 in getBranchMerges
Warning: KiotaBuilder Could not create error type for 400 in getByName
Warning: KiotaBuilder Could not create error type for 400 in getCheckTypes
Warning: KiotaBuilder Could not create error type for 400 in getCloudPlans
Warning: KiotaBuilder Could not create error type for 400 in getConnectedWorkspaces
Warning: KiotaBuilder Could not create error type for 400 in getCurrent
Warning: KiotaBuilder Could not create error type for 400 in getCurrentPermissions
Warning: KiotaBuilder Could not create error type for 400 in getCurrentUsage
Warning: KiotaBuilder Could not create error type for 400 in getCurrent_1
Warning: KiotaBuilder Could not create error type for 400 in getDefaultPrompt
Warning: KiotaBuilder Could not create error type for 400 in getDisabledLanguages
Warning: KiotaBuilder Could not create error type for 400 in getDisabledLanguages_2
Warning: KiotaBuilder Could not create error type for 400 in getEntryCounts
Warning: KiotaBuilder Could not create error type for 400 in getExpectedUsage
Warning: KiotaBuilder Could not create error type for 400 in getExpectedUsageDetail
Warning: KiotaBuilder Could not create error type for 400 in getExpectedUsage_1
Warning: KiotaBuilder Could not create error type for 400 in getHierarchy
Warning: KiotaBuilder Could not create error type for 400 in getHighlights
Warning: KiotaBuilder Could not create error type for 400 in getImportFileIssues
Warning: KiotaBuilder Could not create error type for 400 in getImportLanguage
Warning: KiotaBuilder Could not create error type for 400 in getImportResult
Warning: KiotaBuilder Could not create error type for 400 in getImportTranslations
Warning: KiotaBuilder Could not create error type for 400 in getInfo
Warning: KiotaBuilder Could not create error type for 400 in getInfo_1
Warning: KiotaBuilder Could not create error type for 400 in getInfo_3
Warning: KiotaBuilder Could not create error type for 400 in getInfo_4
Warning: KiotaBuilder Could not create error type for 400 in getInfo_5
Warning: KiotaBuilder Could not create error type for 400 in getInvitations
Warning: KiotaBuilder Could not create error type for 400 in getInvoicePdf
Warning: KiotaBuilder Could not create error type for 400 in getInvoices
Warning: KiotaBuilder Could not create error type for 400 in getIssues
Warning: KiotaBuilder Could not create error type for 400 in getKeyScreenshots_1
Warning: KiotaBuilder Could not create error type for 400 in getLabelsByIds
Warning: KiotaBuilder Could not create error type for 400 in getLanguagePromptCustomizations
Warning: KiotaBuilder Could not create error type for 400 in getLanguageSettings
Warning: KiotaBuilder Could not create error type for 400 in getLanguageSettingsResolved
Warning: KiotaBuilder Could not create error type for 400 in getLanguages
Warning: KiotaBuilder Could not create error type for 400 in getLatest
Warning: KiotaBuilder Could not create error type for 400 in getMachineTranslationLanguageInfo
Warning: KiotaBuilder Could not create error type for 400 in getMachineTranslationSettings
Warning: KiotaBuilder Could not create error type for 400 in getModifiedEntitiesByRevision
Warning: KiotaBuilder Could not create error type for 400 in getMtCreditPrices
Warning: KiotaBuilder Could not create error type for 400 in getNotifications
Warning: KiotaBuilder Could not create error type for 400 in getNotificationsSettings
Warning: KiotaBuilder Could not create error type for 400 in getOrganizationCredits
Warning: KiotaBuilder Could not create error type for 400 in getOrganizations_1
Warning: KiotaBuilder Could not create error type for 400 in getPerLanguageAutoTranslationSettings
Warning: KiotaBuilder Could not create error type for 400 in getPerUserReport
Warning: KiotaBuilder Could not create error type for 400 in getPlans_3
Warning: KiotaBuilder Could not create error type for 400 in getPossibleAssignees
Warning: KiotaBuilder Could not create error type for 400 in getPreferredAgency
Warning: KiotaBuilder Could not create error type for 400 in getProjectCredits
Warning: KiotaBuilder Could not create error type for 400 in getProjectDailyActivity
Warning: KiotaBuilder Could not create error type for 400 in getProjectInvitations
Warning: KiotaBuilder Could not create error type for 400 in getProjectLocks
Warning: KiotaBuilder Could not create error type for 400 in getProjectStats
Warning: KiotaBuilder Could not create error type for 400 in getPrompt
Warning: KiotaBuilder Could not create error type for 400 in getPromptProjectCustomization
Warning: KiotaBuilder Could not create error type for 400 in getPublicConfiguration
Warning: KiotaBuilder Could not create error type for 400 in getQaIssueCountsByCheckType
Warning: KiotaBuilder Could not create error type for 400 in getRoles
Warning: KiotaBuilder Could not create error type for 400 in getScopes
Warning: KiotaBuilder Could not create error type for 400 in getSelfHostedEeSubscriptions
Warning: KiotaBuilder Could not create error type for 400 in getSelfHostedPlans
Warning: KiotaBuilder Could not create error type for 400 in getServerProviders
Warning: KiotaBuilder Could not create error type for 400 in getSettings
Warning: KiotaBuilder Could not create error type for 400 in getSingleRevision
Warning: KiotaBuilder Could not create error type for 400 in getSso
Warning: KiotaBuilder Could not create error type for 400 in getStorageField
Warning: KiotaBuilder Could not create error type for 400 in getSubscription
Warning: KiotaBuilder Could not create error type for 400 in getSuggestions
Warning: KiotaBuilder Could not create error type for 400 in getSuperToken
Warning: KiotaBuilder Could not create error type for 400 in getTask
Warning: KiotaBuilder Could not create error type for 400 in getTaskKeys
Warning: KiotaBuilder Could not create error type for 400 in getTasks
Warning: KiotaBuilder Could not create error type for 400 in getTasks_2
Warning: KiotaBuilder Could not create error type for 400 in getTransferOptions
Warning: KiotaBuilder Could not create error type for 400 in getTranslationHistory
Warning: KiotaBuilder Could not create error type for 400 in getTranslations
Warning: KiotaBuilder Could not create error type for 400 in getUsage
Warning: KiotaBuilder Could not create error type for 400 in getUsageDetail
Warning: KiotaBuilder Could not create error type for 400 in getUsage_1
Warning: KiotaBuilder Could not create error type for 400 in getUsage_2
Warning: KiotaBuilder Could not create error type for 400 in getUsedNamespaces
Warning: KiotaBuilder Could not create error type for 400 in getUsers_1
Warning: KiotaBuilder Could not create error type for 400 in getXlsxReport
Warning: KiotaBuilder Could not create error type for 400 in get_10
Warning: KiotaBuilder Could not create error type for 400 in get_11
Warning: KiotaBuilder Could not create error type for 400 in get_12
Warning: KiotaBuilder Could not create error type for 400 in get_13
Warning: KiotaBuilder Could not create error type for 400 in get_14
Warning: KiotaBuilder Could not create error type for 400 in get_15
Warning: KiotaBuilder Could not create error type for 400 in get_16
Warning: KiotaBuilder Could not create error type for 400 in get_17
Warning: KiotaBuilder Could not create error type for 400 in get_19
Warning: KiotaBuilder Could not create error type for 400 in get_2
Warning: KiotaBuilder Could not create error type for 400 in get_21
Warning: KiotaBuilder Could not create error type for 400 in get_23
Warning: KiotaBuilder Could not create error type for 400 in get_26
Warning: KiotaBuilder Could not create error type for 400 in get_28
Warning: KiotaBuilder Could not create error type for 400 in get_3
Warning: KiotaBuilder Could not create error type for 400 in get_4
Warning: KiotaBuilder Could not create error type for 400 in get_6
Warning: KiotaBuilder Could not create error type for 400 in get_8
Warning: KiotaBuilder Could not create error type for 400 in hardDeleteKeys
Warning: KiotaBuilder Could not create error type for 400 in ignoreIssue
Warning: KiotaBuilder Could not create error type for 400 in importCsv
Warning: KiotaBuilder Could not create error type for 400 in importKeys
Warning: KiotaBuilder Could not create error type for 400 in importKeys_2
Warning: KiotaBuilder Could not create error type for 400 in importTmx
Warning: KiotaBuilder Could not create error type for 400 in invitationInfo
Warning: KiotaBuilder Could not create error type for 400 in inviteUser
Warning: KiotaBuilder Could not create error type for 400 in inviteUser_1
Warning: KiotaBuilder Could not create error type for 400 in leaveOrganization
Warning: KiotaBuilder Could not create error type for 400 in leaveProject
Warning: KiotaBuilder Could not create error type for 400 in list
Warning: KiotaBuilder Could not create error type for 400 in listDeleters
Warning: KiotaBuilder Could not create error type for 400 in list_1
Warning: KiotaBuilder Could not create error type for 400 in list_2
Warning: KiotaBuilder Could not create error type for 400 in list_3
Warning: KiotaBuilder Could not create error type for 400 in list_4
Warning: KiotaBuilder Could not create error type for 400 in list_6
Warning: KiotaBuilder Could not create error type for 400 in list_8
Warning: KiotaBuilder Could not create error type for 400 in machineTranslation
Warning: KiotaBuilder Could not create error type for 400 in markNotificationsAsSeen
Warning: KiotaBuilder Could not create error type for 400 in merge
Warning: KiotaBuilder Could not create error type for 400 in myList
Warning: KiotaBuilder Could not create error type for 400 in onInteractivityEvent
Warning: KiotaBuilder Could not create error type for 400 in permanentlyDelete
Warning: KiotaBuilder Could not create error type for 400 in post
Warning: KiotaBuilder Could not create error type for 400 in prepareSetLicenseKey_1
Warning: KiotaBuilder Could not create error type for 400 in putNotificationSetting
Warning: KiotaBuilder Could not create error type for 400 in qaCheck
Warning: KiotaBuilder Could not create error type for 400 in refreshBranchMerge
Warning: KiotaBuilder Could not create error type for 400 in refreshSubscription
Warning: KiotaBuilder Could not create error type for 400 in regenerate
Warning: KiotaBuilder Could not create error type for 400 in regenerateRecoveryCodes
Warning: KiotaBuilder Could not create error type for 400 in regenerate_1
Warning: KiotaBuilder Could not create error type for 400 in release
Warning: KiotaBuilder Could not create error type for 400 in removeAvatar
Warning: KiotaBuilder Could not create error type for 400 in removeAvatar_1
Warning: KiotaBuilder Could not create error type for 400 in removeAvatar_2
Warning: KiotaBuilder Could not create error type for 400 in removeDirectProjectPermissions
Warning: KiotaBuilder Could not create error type for 400 in removeSuppression
Warning: KiotaBuilder Could not create error type for 400 in removeTag
Warning: KiotaBuilder Could not create error type for 400 in removeUser
Warning: KiotaBuilder Could not create error type for 400 in rename
Warning: KiotaBuilder Could not create error type for 400 in reopenTask
Warning: KiotaBuilder Could not create error type for 400 in resetExistingLanguage
Warning: KiotaBuilder Could not create error type for 400 in resolveAllConflicts
Warning: KiotaBuilder Could not create error type for 400 in resolveConflict
Warning: KiotaBuilder Could not create error type for 400 in resolveTranslationSetKeepExisting
Warning: KiotaBuilder Could not create error type for 400 in resolveTranslationSetKeepExisting_2
Warning: KiotaBuilder Could not create error type for 400 in resolveTranslationSetOverride
Warning: KiotaBuilder Could not create error type for 400 in resolveTranslationSetOverride_2
Warning: KiotaBuilder Could not create error type for 400 in restore
Warning: KiotaBuilder Could not create error type for 400 in restoreKeys
Warning: KiotaBuilder Could not create error type for 400 in revokePermission
Warning: KiotaBuilder Could not create error type for 400 in run
Warning: KiotaBuilder Could not create error type for 400 in searchForKey
Warning: KiotaBuilder Could not create error type for 400 in selectAll
Warning: KiotaBuilder Could not create error type for 400 in selectExistingLanguage
Warning: KiotaBuilder Could not create error type for 400 in selectKeys
Warning: KiotaBuilder Could not create error type for 400 in selectKeys_2
Warning: KiotaBuilder Could not create error type for 400 in selectNamespace
Warning: KiotaBuilder Could not create error type for 400 in sendEmailVerification
Warning: KiotaBuilder Could not create error type for 400 in setBasePermissions
Warning: KiotaBuilder Could not create error type for 400 in setBasePermissions_1
Warning: KiotaBuilder Could not create error type for 400 in setDisabledLanguages
Warning: KiotaBuilder Could not create error type for 400 in setFinishedState
Warning: KiotaBuilder Could not create error type for 400 in setKeysNamespace
Warning: KiotaBuilder Could not create error type for 400 in setLanguage
Warning: KiotaBuilder Could not create error type for 400 in setLanguagePromptCustomization
Warning: KiotaBuilder Could not create error type for 400 in setLicenseKey
Warning: KiotaBuilder Could not create error type for 400 in setMachineTranslationSettings
Warning: KiotaBuilder Could not create error type for 400 in setMachineTranslationSettings_1
Warning: KiotaBuilder Could not create error type for 400 in setOpenState
Warning: KiotaBuilder Could not create error type for 400 in setOutdated
Warning: KiotaBuilder Could not create error type for 400 in setPerLanguageAutoTranslationSettings
Warning: KiotaBuilder Could not create error type for 400 in setPreferredOrganization
Warning: KiotaBuilder Could not create error type for 400 in setPromptProjectCustomization
Warning: KiotaBuilder Could not create error type for 400 in setProtected
Warning: KiotaBuilder Could not create error type for 400 in setProvider
Warning: KiotaBuilder Could not create error type for 400 in setQaEnabled
Warning: KiotaBuilder Could not create error type for 400 in setRole
Warning: KiotaBuilder Could not create error type for 400 in setState
Warning: KiotaBuilder Could not create error type for 400 in setStorageField
Warning: KiotaBuilder Could not create error type for 400 in setTranslationState
Warning: KiotaBuilder Could not create error type for 400 in setTranslationState_2
Warning: KiotaBuilder Could not create error type for 400 in setTranslations
Warning: KiotaBuilder Could not create error type for 400 in setUserRole
Warning: KiotaBuilder Could not create error type for 400 in setUsersPermissions
Warning: KiotaBuilder Could not create error type for 400 in setUsersPermissions_1
Warning: KiotaBuilder Could not create error type for 400 in setWriteOnlyReviewed
Warning: KiotaBuilder Could not create error type for 400 in singleStepFromFiles
Warning: KiotaBuilder Could not create error type for 400 in singleStepResolvableImport
Warning: KiotaBuilder Could not create error type for 400 in slackCommand
Warning: KiotaBuilder Could not create error type for 400 in store
Warning: KiotaBuilder Could not create error type for 400 in store_2
Warning: KiotaBuilder Could not create error type for 400 in suggestMachineTranslations
Warning: KiotaBuilder Could not create error type for 400 in suggestMachineTranslationsStreaming
Warning: KiotaBuilder Could not create error type for 400 in suggestTranslationMemory
Warning: KiotaBuilder Could not create error type for 400 in suggestionSetActive
Warning: KiotaBuilder Could not create error type for 400 in tagKey
Warning: KiotaBuilder Could not create error type for 400 in tagKeys
Warning: KiotaBuilder Could not create error type for 400 in test
Warning: KiotaBuilder Could not create error type for 400 in testExisting
Warning: KiotaBuilder Could not create error type for 400 in test_1
Warning: KiotaBuilder Could not create error type for 400 in transferProjectToOrganization
Warning: KiotaBuilder Could not create error type for 400 in translate_1
Warning: KiotaBuilder Could not create error type for 400 in unassign
Warning: KiotaBuilder Could not create error type for 400 in unassignLabel
Warning: KiotaBuilder Could not create error type for 400 in unassignTranslationLabel
Warning: KiotaBuilder Could not create error type for 400 in unignoreIssue
Warning: KiotaBuilder Could not create error type for 400 in untagKeys
Warning: KiotaBuilder Could not create error type for 400 in update
Warning: KiotaBuilder Could not create error type for 400 in updateAssignment
Warning: KiotaBuilder Could not create error type for 400 in updateLabel
Warning: KiotaBuilder Could not create error type for 400 in updateLanguageSettings
Warning: KiotaBuilder Could not create error type for 400 in updateProjectTmSettings
Warning: KiotaBuilder Could not create error type for 400 in updatePrompt
Warning: KiotaBuilder Could not create error type for 400 in updateProvider
Warning: KiotaBuilder Could not create error type for 400 in updateSettings
Warning: KiotaBuilder Could not create error type for 400 in updateTask
Warning: KiotaBuilder Could not create error type for 400 in updateTaskKey
Warning: KiotaBuilder Could not create error type for 400 in updateTaskKeys
Warning: KiotaBuilder Could not create error type for 400 in updateUser
Warning: KiotaBuilder Could not create error type for 400 in updateUserPassword
Warning: KiotaBuilder Could not create error type for 400 in update_1
Warning: KiotaBuilder Could not create error type for 400 in update_10
Warning: KiotaBuilder Could not create error type for 400 in update_11
Warning: KiotaBuilder Could not create error type for 400 in update_12
Warning: KiotaBuilder Could not create error type for 400 in update_13
Warning: KiotaBuilder Could not create error type for 400 in update_15
Warning: KiotaBuilder Could not create error type for 400 in update_3
Warning: KiotaBuilder Could not create error type for 400 in update_5
Warning: KiotaBuilder Could not create error type for 400 in update_6
Warning: KiotaBuilder Could not create error type for 400 in update_7
Warning: KiotaBuilder Could not create error type for 400 in update_8
Warning: KiotaBuilder Could not create error type for 400 in update_9
Warning: KiotaBuilder Could not create error type for 400 in upload
Warning: KiotaBuilder Could not create error type for 400 in uploadAvatar
Warning: KiotaBuilder Could not create error type for 400 in uploadAvatar_1
Warning: KiotaBuilder Could not create error type for 400 in uploadAvatar_2
Warning: KiotaBuilder Could not create error type for 400 in uploadScreenshot_1
Warning: KiotaBuilder Could not create error type for 400 in userLogin
Warning: KiotaBuilder Could not create error type for 400 in validateOrganizationSlug
Warning: KiotaBuilder Could not create error type for 400 in variables
Warning: KiotaBuilder Could not create error type for 401 in acceptInvitation
Warning: KiotaBuilder Could not create error type for 401 in acceptInvitationPut
Warning: KiotaBuilder Could not create error type for 401 in acceptSuggestion
Warning: KiotaBuilder Could not create error type for 401 in addFiles
Warning: KiotaBuilder Could not create error type for 401 in aiPlaygroundTranslate
Warning: KiotaBuilder Could not create error type for 401 in all
Warning: KiotaBuilder Could not create error type for 401 in allByProject
Warning: KiotaBuilder Could not create error type for 401 in allByUser
Warning: KiotaBuilder Could not create error type for 401 in applyImport
Warning: KiotaBuilder Could not create error type for 401 in assign
Warning: KiotaBuilder Could not create error type for 401 in assignLabel
Warning: KiotaBuilder Could not create error type for 401 in assignLabel_2
Warning: KiotaBuilder Could not create error type for 401 in assignTranslationLabel
Warning: KiotaBuilder Could not create error type for 401 in authenticateUser
Warning: KiotaBuilder Could not create error type for 401 in authenticateUser_1
Warning: KiotaBuilder Could not create error type for 401 in autoTranslate
Warning: KiotaBuilder Could not create error type for 401 in calculateScope
Warning: KiotaBuilder Could not create error type for 401 in cancel
Warning: KiotaBuilder Could not create error type for 401 in cancelImport
Warning: KiotaBuilder Could not create error type for 401 in cancelSubscription
Warning: KiotaBuilder Could not create error type for 401 in cancelTask
Warning: KiotaBuilder Could not create error type for 401 in clearTranslations
Warning: KiotaBuilder Could not create error type for 401 in closeTask
Warning: KiotaBuilder Could not create error type for 401 in completeGuideStep
Warning: KiotaBuilder Could not create error type for 401 in complexEdit
Warning: KiotaBuilder Could not create error type for 401 in connectToSlack
Warning: KiotaBuilder Could not create error type for 401 in connectWorkspace
Warning: KiotaBuilder Could not create error type for 401 in copyTranslations
Warning: KiotaBuilder Could not create error type for 401 in create
Warning: KiotaBuilder Could not create error type for 401 in createLabel
Warning: KiotaBuilder Could not create error type for 401 in createLanguage
Warning: KiotaBuilder Could not create error type for 401 in createMultiple
Warning: KiotaBuilder Could not create error type for 401 in createOrUpdateTranslations
Warning: KiotaBuilder Could not create error type for 401 in createProject
Warning: KiotaBuilder Could not create error type for 401 in createPrompt
Warning: KiotaBuilder Could not create error type for 401 in createProvider
Warning: KiotaBuilder Could not create error type for 401 in createSuggestion
Warning: KiotaBuilder Could not create error type for 401 in createSuppression
Warning: KiotaBuilder Could not create error type for 401 in createTask
Warning: KiotaBuilder Could not create error type for 401 in createTasks
Warning: KiotaBuilder Could not create error type for 401 in createTranslationOrder
Warning: KiotaBuilder Could not create error type for 401 in create_1
Warning: KiotaBuilder Could not create error type for 401 in create_10
Warning: KiotaBuilder Could not create error type for 401 in create_11
Warning: KiotaBuilder Could not create error type for 401 in create_13
Warning: KiotaBuilder Could not create error type for 401 in create_14
Warning: KiotaBuilder Could not create error type for 401 in create_15
Warning: KiotaBuilder Could not create error type for 401 in create_16
Warning: KiotaBuilder Could not create error type for 401 in create_17
Warning: KiotaBuilder Could not create error type for 401 in create_18
Warning: KiotaBuilder Could not create error type for 401 in create_19
Warning: KiotaBuilder Could not create error type for 401 in create_3
Warning: KiotaBuilder Could not create error type for 401 in create_5
Warning: KiotaBuilder Could not create error type for 401 in create_6
Warning: KiotaBuilder Could not create error type for 401 in create_9
Warning: KiotaBuilder Could not create error type for 401 in currentJobs
Warning: KiotaBuilder Could not create error type for 401 in declineSuggestion
Warning: KiotaBuilder Could not create error type for 401 in delete
Warning: KiotaBuilder Could not create error type for 401 in deleteBranchMerge
Warning: KiotaBuilder Could not create error type for 401 in deleteGroup
Warning: KiotaBuilder Could not create error type for 401 in deleteInvitation
Warning: KiotaBuilder Could not create error type for 401 in deleteKeys
Warning: KiotaBuilder Could not create error type for 401 in deleteLabel
Warning: KiotaBuilder Could not create error type for 401 in deleteLanguage
Warning: KiotaBuilder Could not create error type for 401 in deleteLanguageSettings
Warning: KiotaBuilder Could not create error type for 401 in deleteLanguage_2
Warning: KiotaBuilder Could not create error type for 401 in deleteMultiple
Warning: KiotaBuilder Could not create error type for 401 in deleteMultipleGroups
Warning: KiotaBuilder Could not create error type for 401 in deleteProject
Warning: KiotaBuilder Could not create error type for 401 in deletePrompt
Warning: KiotaBuilder Could not create error type for 401 in deleteProvider
Warning: KiotaBuilder Could not create error type for 401 in deleteScreenshots_1
Warning: KiotaBuilder Could not create error type for 401 in deleteSuggestion
Warning: KiotaBuilder Could not create error type for 401 in deleteUser
Warning: KiotaBuilder Could not create error type for 401 in delete_1
Warning: KiotaBuilder Could not create error type for 401 in delete_10
Warning: KiotaBuilder Could not create error type for 401 in delete_11
Warning: KiotaBuilder Could not create error type for 401 in delete_12
Warning: KiotaBuilder Could not create error type for 401 in delete_14
Warning: KiotaBuilder Could not create error type for 401 in delete_16
Warning: KiotaBuilder Could not create error type for 401 in delete_18
Warning: KiotaBuilder Could not create error type for 401 in delete_2
Warning: KiotaBuilder Could not create error type for 401 in delete_20
Warning: KiotaBuilder Could not create error type for 401 in delete_4
Warning: KiotaBuilder Could not create error type for 401 in delete_5
Warning: KiotaBuilder Could not create error type for 401 in delete_6
Warning: KiotaBuilder Could not create error type for 401 in delete_7
Warning: KiotaBuilder Could not create error type for 401 in delete_8
Warning: KiotaBuilder Could not create error type for 401 in delete_9
Warning: KiotaBuilder Could not create error type for 401 in disableMfa
Warning: KiotaBuilder Could not create error type for 401 in disableUser
Warning: KiotaBuilder Could not create error type for 401 in disconnectWorkspace
Warning: KiotaBuilder Could not create error type for 401 in dismiss
Warning: KiotaBuilder Could not create error type for 401 in dismissAutoTranslatedState
Warning: KiotaBuilder Could not create error type for 401 in doExportJsonZip
Warning: KiotaBuilder Could not create error type for 401 in dryRunMerge
Warning: KiotaBuilder Could not create error type for 401 in edit
Warning: KiotaBuilder Could not create error type for 401 in editLanguage
Warning: KiotaBuilder Could not create error type for 401 in editProject
Warning: KiotaBuilder Could not create error type for 401 in enableMfa
Warning: KiotaBuilder Could not create error type for 401 in enableUser
Warning: KiotaBuilder Could not create error type for 401 in executeComplexTagOperation
Warning: KiotaBuilder Could not create error type for 401 in export
Warning: KiotaBuilder Could not create error type for 401 in exportData
Warning: KiotaBuilder Could not create error type for 401 in exportPost
Warning: KiotaBuilder Could not create error type for 401 in exportTmx
Warning: KiotaBuilder Could not create error type for 401 in fetchBotEvent
Warning: KiotaBuilder Could not create error type for 401 in find
Warning: KiotaBuilder Could not create error type for 401 in findProvider
Warning: KiotaBuilder Could not create error type for 401 in finishTask
Warning: KiotaBuilder Could not create error type for 401 in generateOrganizationSlug
Warning: KiotaBuilder Could not create error type for 401 in generateUserToken
Warning: KiotaBuilder Could not create error type for 401 in get
Warning: KiotaBuilder Could not create error type for 401 in getActivity
Warning: KiotaBuilder Could not create error type for 401 in getAiPlaygroundResult
Warning: KiotaBuilder Could not create error type for 401 in getAll
Warning: KiotaBuilder Could not create error type for 401 in getAllBaseLanguagesInUse
Warning: KiotaBuilder Could not create error type for 401 in getAllIds
Warning: KiotaBuilder Could not create error type for 401 in getAllKeys
Warning: KiotaBuilder Could not create error type for 401 in getAllLanguageSettings
Warning: KiotaBuilder Could not create error type for 401 in getAllLanguagesInUse
Warning: KiotaBuilder Could not create error type for 401 in getAllNamespaces
Warning: KiotaBuilder Could not create error type for 401 in getAllNamespaces_2
Warning: KiotaBuilder Could not create error type for 401 in getAllPaged
Warning: KiotaBuilder Could not create error type for 401 in getAllProjects_1
Warning: KiotaBuilder Could not create error type for 401 in getAllSingleOwnedOrganizations
Warning: KiotaBuilder Could not create error type for 401 in getAllStoredEntryIds
Warning: KiotaBuilder Could not create error type for 401 in getAllTranslations
Warning: KiotaBuilder Could not create error type for 401 in getAllUsers
Warning: KiotaBuilder Could not create error type for 401 in getAllUsers_1
Warning: KiotaBuilder Could not create error type for 401 in getAllWithStatistics_2
Warning: KiotaBuilder Could not create error type for 401 in getAllWithStats
Warning: KiotaBuilder Could not create error type for 401 in getAllWithStats_1
Warning: KiotaBuilder Could not create error type for 401 in getAllWithTranslations
Warning: KiotaBuilder Could not create error type for 401 in getAll_1
Warning: KiotaBuilder Could not create error type for 401 in getAll_10
Warning: KiotaBuilder Could not create error type for 401 in getAll_11
Warning: KiotaBuilder Could not create error type for 401 in getAll_12
Warning: KiotaBuilder Could not create error type for 401 in getAll_13
Warning: KiotaBuilder Could not create error type for 401 in getAll_14
Warning: KiotaBuilder Could not create error type for 401 in getAll_16
Warning: KiotaBuilder Could not create error type for 401 in getAll_3
Warning: KiotaBuilder Could not create error type for 401 in getAll_5
Warning: KiotaBuilder Could not create error type for 401 in getAll_7
Warning: KiotaBuilder Could not create error type for 401 in getAll_9
Warning: KiotaBuilder Could not create error type for 401 in getAssignedGlossaries
Warning: KiotaBuilder Could not create error type for 401 in getAssignedProjects
Warning: KiotaBuilder Could not create error type for 401 in getAssignedProjects_1
Warning: KiotaBuilder Could not create error type for 401 in getAuthenticationUrl
Warning: KiotaBuilder Could not create error type for 401 in getAvailableProviders
Warning: KiotaBuilder Could not create error type for 401 in getBatchJobQueue
Warning: KiotaBuilder Could not create error type for 401 in getBigMeta
Warning: KiotaBuilder Could not create error type for 401 in getBillingInfo
Warning: KiotaBuilder Could not create error type for 401 in getBlockingTasks
Warning: KiotaBuilder Could not create error type for 401 in getBranchMergeSessionChange
Warning: KiotaBuilder Could not create error type for 401 in getBranchMergeSessionChanges
Warning: KiotaBuilder Could not create error type for 401 in getBranchMergeSessionConflicts
Warning: KiotaBuilder Could not create error type for 401 in getBranchMergeSessionPreview
Warning: KiotaBuilder Could not create error type for 401 in getBranchMerges
Warning: KiotaBuilder Could not create error type for 401 in getByName
Warning: KiotaBuilder Could not create error type for 401 in getCheckTypes
Warning: KiotaBuilder Could not create error type for 401 in getCloudPlans
Warning: KiotaBuilder Could not create error type for 401 in getConnectedWorkspaces
Warning: KiotaBuilder Could not create error type for 401 in getCurrent
Warning: KiotaBuilder Could not create error type for 401 in getCurrentPermissions
Warning: KiotaBuilder Could not create error type for 401 in getCurrentUsage
Warning: KiotaBuilder Could not create error type for 401 in getCurrent_1
Warning: KiotaBuilder Could not create error type for 401 in getDefaultPrompt
Warning: KiotaBuilder Could not create error type for 401 in getDisabledLanguages
Warning: KiotaBuilder Could not create error type for 401 in getDisabledLanguages_2
Warning: KiotaBuilder Could not create error type for 401 in getEntryCounts
Warning: KiotaBuilder Could not create error type for 401 in getExpectedUsage
Warning: KiotaBuilder Could not create error type for 401 in getExpectedUsageDetail
Warning: KiotaBuilder Could not create error type for 401 in getExpectedUsage_1
Warning: KiotaBuilder Could not create error type for 401 in getHierarchy
Warning: KiotaBuilder Could not create error type for 401 in getHighlights
Warning: KiotaBuilder Could not create error type for 401 in getImportFileIssues
Warning: KiotaBuilder Could not create error type for 401 in getImportLanguage
Warning: KiotaBuilder Could not create error type for 401 in getImportResult
Warning: KiotaBuilder Could not create error type for 401 in getImportTranslations
Warning: KiotaBuilder Could not create error type for 401 in getInfo
Warning: KiotaBuilder Could not create error type for 401 in getInfo_1
Warning: KiotaBuilder Could not create error type for 401 in getInfo_3
Warning: KiotaBuilder Could not create error type for 401 in getInfo_4
Warning: KiotaBuilder Could not create error type for 401 in getInfo_5
Warning: KiotaBuilder Could not create error type for 401 in getInvitations
Warning: KiotaBuilder Could not create error type for 401 in getInvoicePdf
Warning: KiotaBuilder Could not create error type for 401 in getInvoices
Warning: KiotaBuilder Could not create error type for 401 in getIssues
Warning: KiotaBuilder Could not create error type for 401 in getKeyScreenshots_1
Warning: KiotaBuilder Could not create error type for 401 in getLabelsByIds
Warning: KiotaBuilder Could not create error type for 401 in getLanguagePromptCustomizations
Warning: KiotaBuilder Could not create error type for 401 in getLanguageSettings
Warning: KiotaBuilder Could not create error type for 401 in getLanguageSettingsResolved
Warning: KiotaBuilder Could not create error type for 401 in getLanguages
Warning: KiotaBuilder Could not create error type for 401 in getLatest
Warning: KiotaBuilder Could not create error type for 401 in getMachineTranslationLanguageInfo
Warning: KiotaBuilder Could not create error type for 401 in getMachineTranslationSettings
Warning: KiotaBuilder Could not create error type for 401 in getModifiedEntitiesByRevision
Warning: KiotaBuilder Could not create error type for 401 in getMtCreditPrices
Warning: KiotaBuilder Could not create error type for 401 in getNotifications
Warning: KiotaBuilder Could not create error type for 401 in getNotificationsSettings
Warning: KiotaBuilder Could not create error type for 401 in getOrganizationCredits
Warning: KiotaBuilder Could not create error type for 401 in getOrganizations_1
Warning: KiotaBuilder Could not create error type for 401 in getPerLanguageAutoTranslationSettings
Warning: KiotaBuilder Could not create error type for 401 in getPerUserReport
Warning: KiotaBuilder Could not create error type for 401 in getPlans_3
Warning: KiotaBuilder Could not create error type for 401 in getPossibleAssignees
Warning: KiotaBuilder Could not create error type for 401 in getPreferredAgency
Warning: KiotaBuilder Could not create error type for 401 in getProjectCredits
Warning: KiotaBuilder Could not create error type for 401 in getProjectDailyActivity
Warning: KiotaBuilder Could not create error type for 401 in getProjectInvitations
Warning: KiotaBuilder Could not create error type for 401 in getProjectLocks
Warning: KiotaBuilder Could not create error type for 401 in getProjectStats
Warning: KiotaBuilder Could not create error type for 401 in getPrompt
Warning: KiotaBuilder Could not create error type for 401 in getPromptProjectCustomization
Warning: KiotaBuilder Could not create error type for 401 in getPublicConfiguration
Warning: KiotaBuilder Could not create error type for 401 in getQaIssueCountsByCheckType
Warning: KiotaBuilder Could not create error type for 401 in getRoles
Warning: KiotaBuilder Could not create error type for 401 in getScopes
Warning: KiotaBuilder Could not create error type for 401 in getSelfHostedEeSubscriptions
Warning: KiotaBuilder Could not create error type for 401 in getSelfHostedPlans
Warning: KiotaBuilder Could not create error type for 401 in getServerProviders
Warning: KiotaBuilder Could not create error type for 401 in getSettings
Warning: KiotaBuilder Could not create error type for 401 in getSingleRevision
Warning: KiotaBuilder Could not create error type for 401 in getSso
Warning: KiotaBuilder Could not create error type for 401 in getStorageField
Warning: KiotaBuilder Could not create error type for 401 in getSubscription
Warning: KiotaBuilder Could not create error type for 401 in getSuggestions
Warning: KiotaBuilder Could not create error type for 401 in getSuperToken
Warning: KiotaBuilder Could not create error type for 401 in getTask
Warning: KiotaBuilder Could not create error type for 401 in getTaskKeys
Warning: KiotaBuilder Could not create error type for 401 in getTasks
Warning: KiotaBuilder Could not create error type for 401 in getTasks_2
Warning: KiotaBuilder Could not create error type for 401 in getTransferOptions
Warning: KiotaBuilder Could not create error type for 401 in getTranslationHistory
Warning: KiotaBuilder Could not create error type for 401 in getTranslations
Warning: KiotaBuilder Could not create error type for 401 in getUsage
Warning: KiotaBuilder Could not create error type for 401 in getUsageDetail
Warning: KiotaBuilder Could not create error type for 401 in getUsage_1
Warning: KiotaBuilder Could not create error type for 401 in getUsage_2
Warning: KiotaBuilder Could not create error type for 401 in getUsedNamespaces
Warning: KiotaBuilder Could not create error type for 401 in getUsers_1
Warning: KiotaBuilder Could not create error type for 401 in getXlsxReport
Warning: KiotaBuilder Could not create error type for 401 in get_10
Warning: KiotaBuilder Could not create error type for 401 in get_11
Warning: KiotaBuilder Could not create error type for 401 in get_12
Warning: KiotaBuilder Could not create error type for 401 in get_13
Warning: KiotaBuilder Could not create error type for 401 in get_14
Warning: KiotaBuilder Could not create error type for 401 in get_15
Warning: KiotaBuilder Could not create error type for 401 in get_16
Warning: KiotaBuilder Could not create error type for 401 in get_17
Warning: KiotaBuilder Could not create error type for 401 in get_19
Warning: KiotaBuilder Could not create error type for 401 in get_2
Warning: KiotaBuilder Could not create error type for 401 in get_21
Warning: KiotaBuilder Could not create error type for 401 in get_23
Warning: KiotaBuilder Could not create error type for 401 in get_26
Warning: KiotaBuilder Could not create error type for 401 in get_28
Warning: KiotaBuilder Could not create error type for 401 in get_3
Warning: KiotaBuilder Could not create error type for 401 in get_4
Warning: KiotaBuilder Could not create error type for 401 in get_6
Warning: KiotaBuilder Could not create error type for 401 in get_8
Warning: KiotaBuilder Could not create error type for 401 in hardDeleteKeys
Warning: KiotaBuilder Could not create error type for 401 in ignoreIssue
Warning: KiotaBuilder Could not create error type for 401 in importCsv
Warning: KiotaBuilder Could not create error type for 401 in importKeys
Warning: KiotaBuilder Could not create error type for 401 in importKeys_2
Warning: KiotaBuilder Could not create error type for 401 in importTmx
Warning: KiotaBuilder Could not create error type for 401 in invitationInfo
Warning: KiotaBuilder Could not create error type for 401 in inviteUser
Warning: KiotaBuilder Could not create error type for 401 in inviteUser_1
Warning: KiotaBuilder Could not create error type for 401 in leaveOrganization
Warning: KiotaBuilder Could not create error type for 401 in leaveProject
Warning: KiotaBuilder Could not create error type for 401 in list
Warning: KiotaBuilder Could not create error type for 401 in listDeleters
Warning: KiotaBuilder Could not create error type for 401 in list_1
Warning: KiotaBuilder Could not create error type for 401 in list_2
Warning: KiotaBuilder Could not create error type for 401 in list_3
Warning: KiotaBuilder Could not create error type for 401 in list_4
Warning: KiotaBuilder Could not create error type for 401 in list_6
Warning: KiotaBuilder Could not create error type for 401 in list_8
Warning: KiotaBuilder Could not create error type for 401 in machineTranslation
Warning: KiotaBuilder Could not create error type for 401 in markNotificationsAsSeen
Warning: KiotaBuilder Could not create error type for 401 in merge
Warning: KiotaBuilder Could not create error type for 401 in myList
Warning: KiotaBuilder Could not create error type for 401 in onInteractivityEvent
Warning: KiotaBuilder Could not create error type for 401 in permanentlyDelete
Warning: KiotaBuilder Could not create error type for 401 in post
Warning: KiotaBuilder Could not create error type for 401 in prepareSetLicenseKey_1
Warning: KiotaBuilder Could not create error type for 401 in putNotificationSetting
Warning: KiotaBuilder Could not create error type for 401 in qaCheck
Warning: KiotaBuilder Could not create error type for 401 in refreshBranchMerge
Warning: KiotaBuilder Could not create error type for 401 in refreshSubscription
Warning: KiotaBuilder Could not create error type for 401 in regenerate
Warning: KiotaBuilder Could not create error type for 401 in regenerateRecoveryCodes
Warning: KiotaBuilder Could not create error type for 401 in regenerate_1
Warning: KiotaBuilder Could not create error type for 401 in release
Warning: KiotaBuilder Could not create error type for 401 in removeAvatar
Warning: KiotaBuilder Could not create error type for 401 in removeAvatar_1
Warning: KiotaBuilder Could not create error type for 401 in removeAvatar_2
Warning: KiotaBuilder Could not create error type for 401 in removeDirectProjectPermissions
Warning: KiotaBuilder Could not create error type for 401 in removeSuppression
Warning: KiotaBuilder Could not create error type for 401 in removeTag
Warning: KiotaBuilder Could not create error type for 401 in removeUser
Warning: KiotaBuilder Could not create error type for 401 in rename
Warning: KiotaBuilder Could not create error type for 401 in reopenTask
Warning: KiotaBuilder Could not create error type for 401 in resetExistingLanguage
Warning: KiotaBuilder Could not create error type for 401 in resolveAllConflicts
Warning: KiotaBuilder Could not create error type for 401 in resolveConflict
Warning: KiotaBuilder Could not create error type for 401 in resolveTranslationSetKeepExisting
Warning: KiotaBuilder Could not create error type for 401 in resolveTranslationSetKeepExisting_2
Warning: KiotaBuilder Could not create error type for 401 in resolveTranslationSetOverride
Warning: KiotaBuilder Could not create error type for 401 in resolveTranslationSetOverride_2
Warning: KiotaBuilder Could not create error type for 401 in restore
Warning: KiotaBuilder Could not create error type for 401 in restoreKeys
Warning: KiotaBuilder Could not create error type for 401 in revokePermission
Warning: KiotaBuilder Could not create error type for 401 in run
Warning: KiotaBuilder Could not create error type for 401 in searchForKey
Warning: KiotaBuilder Could not create error type for 401 in selectAll
Warning: KiotaBuilder Could not create error type for 401 in selectExistingLanguage
Warning: KiotaBuilder Could not create error type for 401 in selectKeys
Warning: KiotaBuilder Could not create error type for 401 in selectKeys_2
Warning: KiotaBuilder Could not create error type for 401 in selectNamespace
Warning: KiotaBuilder Could not create error type for 401 in sendEmailVerification
Warning: KiotaBuilder Could not create error type for 401 in setBasePermissions
Warning: KiotaBuilder Could not create error type for 401 in setBasePermissions_1
Warning: KiotaBuilder Could not create error type for 401 in setDisabledLanguages
Warning: KiotaBuilder Could not create error type for 401 in setFinishedState
Warning: KiotaBuilder Could not create error type for 401 in setKeysNamespace
Warning: KiotaBuilder Could not create error type for 401 in setLanguage
Warning: KiotaBuilder Could not create error type for 401 in setLanguagePromptCustomization
Warning: KiotaBuilder Could not create error type for 401 in setLicenseKey
Warning: KiotaBuilder Could not create error type for 401 in setMachineTranslationSettings
Warning: KiotaBuilder Could not create error type for 401 in setMachineTranslationSettings_1
Warning: KiotaBuilder Could not create error type for 401 in setOpenState
Warning: KiotaBuilder Could not create error type for 401 in setOutdated
Warning: KiotaBuilder Could not create error type for 401 in setPerLanguageAutoTranslationSettings
Warning: KiotaBuilder Could not create error type for 401 in setPreferredOrganization
Warning: KiotaBuilder Could not create error type for 401 in setPromptProjectCustomization
Warning: KiotaBuilder Could not create error type for 401 in setProtected
Warning: KiotaBuilder Could not create error type for 401 in setProvider
Warning: KiotaBuilder Could not create error type for 401 in setQaEnabled
Warning: KiotaBuilder Could not create error type for 401 in setRole
Warning: KiotaBuilder Could not create error type for 401 in setState
Warning: KiotaBuilder Could not create error type for 401 in setStorageField
Warning: KiotaBuilder Could not create error type for 401 in setTranslationState
Warning: KiotaBuilder Could not create error type for 401 in setTranslationState_2
Warning: KiotaBuilder Could not create error type for 401 in setTranslations
Warning: KiotaBuilder Could not create error type for 401 in setUserRole
Warning: KiotaBuilder Could not create error type for 401 in setUsersPermissions
Warning: KiotaBuilder Could not create error type for 401 in setUsersPermissions_1
Warning: KiotaBuilder Could not create error type for 401 in setWriteOnlyReviewed
Warning: KiotaBuilder Could not create error type for 401 in singleStepFromFiles
Warning: KiotaBuilder Could not create error type for 401 in singleStepResolvableImport
Warning: KiotaBuilder Could not create error type for 401 in slackCommand
Warning: KiotaBuilder Could not create error type for 401 in store
Warning: KiotaBuilder Could not create error type for 401 in store_2
Warning: KiotaBuilder Could not create error type for 401 in suggestMachineTranslations
Warning: KiotaBuilder Could not create error type for 401 in suggestMachineTranslationsStreaming
Warning: KiotaBuilder Could not create error type for 401 in suggestTranslationMemory
Warning: KiotaBuilder Could not create error type for 401 in suggestionSetActive
Warning: KiotaBuilder Could not create error type for 401 in tagKey
Warning: KiotaBuilder Could not create error type for 401 in tagKeys
Warning: KiotaBuilder Could not create error type for 401 in test
Warning: KiotaBuilder Could not create error type for 401 in testExisting
Warning: KiotaBuilder Could not create error type for 401 in test_1
Warning: KiotaBuilder Could not create error type for 401 in transferProjectToOrganization
Warning: KiotaBuilder Could not create error type for 401 in translate_1
Warning: KiotaBuilder Could not create error type for 401 in unassign
Warning: KiotaBuilder Could not create error type for 401 in unassignLabel
Warning: KiotaBuilder Could not create error type for 401 in unassignTranslationLabel
Warning: KiotaBuilder Could not create error type for 401 in unignoreIssue
Warning: KiotaBuilder Could not create error type for 401 in untagKeys
Warning: KiotaBuilder Could not create error type for 401 in update
Warning: KiotaBuilder Could not create error type for 401 in updateAssignment
Warning: KiotaBuilder Could not create error type for 401 in updateLabel
Warning: KiotaBuilder Could not create error type for 401 in updateLanguageSettings
Warning: KiotaBuilder Could not create error type for 401 in updateProjectTmSettings
Warning: KiotaBuilder Could not create error type for 401 in updatePrompt
Warning: KiotaBuilder Could not create error type for 401 in updateProvider
Warning: KiotaBuilder Could not create error type for 401 in updateSettings
Warning: KiotaBuilder Could not create error type for 401 in updateTask
Warning: KiotaBuilder Could not create error type for 401 in updateTaskKey
Warning: KiotaBuilder Could not create error type for 401 in updateTaskKeys
Warning: KiotaBuilder Could not create error type for 401 in updateUser
Warning: KiotaBuilder Could not create error type for 401 in updateUserPassword
Warning: KiotaBuilder Could not create error type for 401 in update_1
Warning: KiotaBuilder Could not create error type for 401 in update_10
Warning: KiotaBuilder Could not create error type for 401 in update_11
Warning: KiotaBuilder Could not create error type for 401 in update_12
Warning: KiotaBuilder Could not create error type for 401 in update_13
Warning: KiotaBuilder Could not create error type for 401 in update_15
Warning: KiotaBuilder Could not create error type for 401 in update_3
Warning: KiotaBuilder Could not create error type for 401 in update_5
Warning: KiotaBuilder Could not create error type for 401 in update_6
Warning: KiotaBuilder Could not create error type for 401 in update_7
Warning: KiotaBuilder Could not create error type for 401 in update_8
Warning: KiotaBuilder Could not create error type for 401 in update_9
Warning: KiotaBuilder Could not create error type for 401 in upload
Warning: KiotaBuilder Could not create error type for 401 in uploadAvatar
Warning: KiotaBuilder Could not create error type for 401 in uploadAvatar_1
Warning: KiotaBuilder Could not create error type for 401 in uploadAvatar_2
Warning: KiotaBuilder Could not create error type for 401 in uploadScreenshot_1
Warning: KiotaBuilder Could not create error type for 401 in userLogin
Warning: KiotaBuilder Could not create error type for 401 in validateOrganizationSlug
Warning: KiotaBuilder Could not create error type for 401 in variables
Warning: KiotaBuilder Could not create error type for 403 in acceptInvitation
Warning: KiotaBuilder Could not create error type for 403 in acceptInvitationPut
Warning: KiotaBuilder Could not create error type for 403 in acceptSuggestion
Warning: KiotaBuilder Could not create error type for 403 in addFiles
Warning: KiotaBuilder Could not create error type for 403 in aiPlaygroundTranslate
Warning: KiotaBuilder Could not create error type for 403 in all
Warning: KiotaBuilder Could not create error type for 403 in allByProject
Warning: KiotaBuilder Could not create error type for 403 in allByUser
Warning: KiotaBuilder Could not create error type for 403 in applyImport
Warning: KiotaBuilder Could not create error type for 403 in assign
Warning: KiotaBuilder Could not create error type for 403 in assignLabel
Warning: KiotaBuilder Could not create error type for 403 in assignLabel_2
Warning: KiotaBuilder Could not create error type for 403 in assignTranslationLabel
Warning: KiotaBuilder Could not create error type for 403 in authenticateUser
Warning: KiotaBuilder Could not create error type for 403 in authenticateUser_1
Warning: KiotaBuilder Could not create error type for 403 in autoTranslate
Warning: KiotaBuilder Could not create error type for 403 in calculateScope
Warning: KiotaBuilder Could not create error type for 403 in cancel
Warning: KiotaBuilder Could not create error type for 403 in cancelImport
Warning: KiotaBuilder Could not create error type for 403 in cancelSubscription
Warning: KiotaBuilder Could not create error type for 403 in cancelTask
Warning: KiotaBuilder Could not create error type for 403 in clearTranslations
Warning: KiotaBuilder Could not create error type for 403 in closeTask
Warning: KiotaBuilder Could not create error type for 403 in completeGuideStep
Warning: KiotaBuilder Could not create error type for 403 in complexEdit
Warning: KiotaBuilder Could not create error type for 403 in connectToSlack
Warning: KiotaBuilder Could not create error type for 403 in connectWorkspace
Warning: KiotaBuilder Could not create error type for 403 in copyTranslations
Warning: KiotaBuilder Could not create error type for 403 in create
Warning: KiotaBuilder Could not create error type for 403 in createLabel
Warning: KiotaBuilder Could not create error type for 403 in createLanguage
Warning: KiotaBuilder Could not create error type for 403 in createMultiple
Warning: KiotaBuilder Could not create error type for 403 in createOrUpdateTranslations
Warning: KiotaBuilder Could not create error type for 403 in createProject
Warning: KiotaBuilder Could not create error type for 403 in createPrompt
Warning: KiotaBuilder Could not create error type for 403 in createProvider
Warning: KiotaBuilder Could not create error type for 403 in createSuggestion
Warning: KiotaBuilder Could not create error type for 403 in createSuppression
Warning: KiotaBuilder Could not create error type for 403 in createTask
Warning: KiotaBuilder Could not create error type for 403 in createTasks
Warning: KiotaBuilder Could not create error type for 403 in createTranslationOrder
Warning: KiotaBuilder Could not create error type for 403 in create_1
Warning: KiotaBuilder Could not create error type for 403 in create_10
Warning: KiotaBuilder Could not create error type for 403 in create_11
Warning: KiotaBuilder Could not create error type for 403 in create_13
Warning: KiotaBuilder Could not create error type for 403 in create_14
Warning: KiotaBuilder Could not create error type for 403 in create_15
Warning: KiotaBuilder Could not create error type for 403 in create_16
Warning: KiotaBuilder Could not create error type for 403 in create_17
Warning: KiotaBuilder Could not create error type for 403 in create_18
Warning: KiotaBuilder Could not create error type for 403 in create_19
Warning: KiotaBuilder Could not create error type for 403 in create_3
Warning: KiotaBuilder Could not create error type for 403 in create_5
Warning: KiotaBuilder Could not create error type for 403 in create_6
Warning: KiotaBuilder Could not create error type for 403 in create_9
Warning: KiotaBuilder Could not create error type for 403 in currentJobs
Warning: KiotaBuilder Could not create error type for 403 in declineSuggestion
Warning: KiotaBuilder Could not create error type for 403 in delete
Warning: KiotaBuilder Could not create error type for 403 in deleteBranchMerge
Warning: KiotaBuilder Could not create error type for 403 in deleteGroup
Warning: KiotaBuilder Could not create error type for 403 in deleteInvitation
Warning: KiotaBuilder Could not create error type for 403 in deleteKeys
Warning: KiotaBuilder Could not create error type for 403 in deleteLabel
Warning: KiotaBuilder Could not create error type for 403 in deleteLanguage
Warning: KiotaBuilder Could not create error type for 403 in deleteLanguageSettings
Warning: KiotaBuilder Could not create error type for 403 in deleteLanguage_2
Warning: KiotaBuilder Could not create error type for 403 in deleteMultiple
Warning: KiotaBuilder Could not create error type for 403 in deleteMultipleGroups
Warning: KiotaBuilder Could not create error type for 403 in deleteProject
Warning: KiotaBuilder Could not create error type for 403 in deletePrompt
Warning: KiotaBuilder Could not create error type for 403 in deleteProvider
Warning: KiotaBuilder Could not create error type for 403 in deleteScreenshots_1
Warning: KiotaBuilder Could not create error type for 403 in deleteSuggestion
Warning: KiotaBuilder Could not create error type for 403 in deleteUser
Warning: KiotaBuilder Could not create error type for 403 in delete_1
Warning: KiotaBuilder Could not create error type for 403 in delete_10
Warning: KiotaBuilder Could not create error type for 403 in delete_11
Warning: KiotaBuilder Could not create error type for 403 in delete_12
Warning: KiotaBuilder Could not create error type for 403 in delete_14
Warning: KiotaBuilder Could not create error type for 403 in delete_16
Warning: KiotaBuilder Could not create error type for 403 in delete_18
Warning: KiotaBuilder Could not create error type for 403 in delete_2
Warning: KiotaBuilder Could not create error type for 403 in delete_20
Warning: KiotaBuilder Could not create error type for 403 in delete_4
Warning: KiotaBuilder Could not create error type for 403 in delete_5
Warning: KiotaBuilder Could not create error type for 403 in delete_6
Warning: KiotaBuilder Could not create error type for 403 in delete_7
Warning: KiotaBuilder Could not create error type for 403 in delete_8
Warning: KiotaBuilder Could not create error type for 403 in delete_9
Warning: KiotaBuilder Could not create error type for 403 in disableMfa
Warning: KiotaBuilder Could not create error type for 403 in disableUser
Warning: KiotaBuilder Could not create error type for 403 in disconnectWorkspace
Warning: KiotaBuilder Could not create error type for 403 in dismiss
Warning: KiotaBuilder Could not create error type for 403 in dismissAutoTranslatedState
Warning: KiotaBuilder Could not create error type for 403 in doExportJsonZip
Warning: KiotaBuilder Could not create error type for 403 in dryRunMerge
Warning: KiotaBuilder Could not create error type for 403 in edit
Warning: KiotaBuilder Could not create error type for 403 in editLanguage
Warning: KiotaBuilder Could not create error type for 403 in editProject
Warning: KiotaBuilder Could not create error type for 403 in enableMfa
Warning: KiotaBuilder Could not create error type for 403 in enableUser
Warning: KiotaBuilder Could not create error type for 403 in executeComplexTagOperation
Warning: KiotaBuilder Could not create error type for 403 in export
Warning: KiotaBuilder Could not create error type for 403 in exportData
Warning: KiotaBuilder Could not create error type for 403 in exportPost
Warning: KiotaBuilder Could not create error type for 403 in exportTmx
Warning: KiotaBuilder Could not create error type for 403 in fetchBotEvent
Warning: KiotaBuilder Could not create error type for 403 in find
Warning: KiotaBuilder Could not create error type for 403 in findProvider
Warning: KiotaBuilder Could not create error type for 403 in finishTask
Warning: KiotaBuilder Could not create error type for 403 in generateOrganizationSlug
Warning: KiotaBuilder Could not create error type for 403 in generateUserToken
Warning: KiotaBuilder Could not create error type for 403 in get
Warning: KiotaBuilder Could not create error type for 403 in getActivity
Warning: KiotaBuilder Could not create error type for 403 in getAiPlaygroundResult
Warning: KiotaBuilder Could not create error type for 403 in getAll
Warning: KiotaBuilder Could not create error type for 403 in getAllBaseLanguagesInUse
Warning: KiotaBuilder Could not create error type for 403 in getAllIds
Warning: KiotaBuilder Could not create error type for 403 in getAllKeys
Warning: KiotaBuilder Could not create error type for 403 in getAllLanguageSettings
Warning: KiotaBuilder Could not create error type for 403 in getAllLanguagesInUse
Warning: KiotaBuilder Could not create error type for 403 in getAllNamespaces
Warning: KiotaBuilder Could not create error type for 403 in getAllNamespaces_2
Warning: KiotaBuilder Could not create error type for 403 in getAllPaged
Warning: KiotaBuilder Could not create error type for 403 in getAllProjects_1
Warning: KiotaBuilder Could not create error type for 403 in getAllSingleOwnedOrganizations
Warning: KiotaBuilder Could not create error type for 403 in getAllStoredEntryIds
Warning: KiotaBuilder Could not create error type for 403 in getAllTranslations
Warning: KiotaBuilder Could not create error type for 403 in getAllUsers
Warning: KiotaBuilder Could not create error type for 403 in getAllUsers_1
Warning: KiotaBuilder Could not create error type for 403 in getAllWithStatistics_2
Warning: KiotaBuilder Could not create error type for 403 in getAllWithStats
Warning: KiotaBuilder Could not create error type for 403 in getAllWithStats_1
Warning: KiotaBuilder Could not create error type for 403 in getAllWithTranslations
Warning: KiotaBuilder Could not create error type for 403 in getAll_1
Warning: KiotaBuilder Could not create error type for 403 in getAll_10
Warning: KiotaBuilder Could not create error type for 403 in getAll_11
Warning: KiotaBuilder Could not create error type for 403 in getAll_12
Warning: KiotaBuilder Could not create error type for 403 in getAll_13
Warning: KiotaBuilder Could not create error type for 403 in getAll_14
Warning: KiotaBuilder Could not create error type for 403 in getAll_16
Warning: KiotaBuilder Could not create error type for 403 in getAll_3
Warning: KiotaBuilder Could not create error type for 403 in getAll_5
Warning: KiotaBuilder Could not create error type for 403 in getAll_7
Warning: KiotaBuilder Could not create error type for 403 in getAll_9
Warning: KiotaBuilder Could not create error type for 403 in getAssignedGlossaries
Warning: KiotaBuilder Could not create error type for 403 in getAssignedProjects
Warning: KiotaBuilder Could not create error type for 403 in getAssignedProjects_1
Warning: KiotaBuilder Could not create error type for 403 in getAuthenticationUrl
Warning: KiotaBuilder Could not create error type for 403 in getAvailableProviders
Warning: KiotaBuilder Could not create error type for 403 in getBatchJobQueue
Warning: KiotaBuilder Could not create error type for 403 in getBigMeta
Warning: KiotaBuilder Could not create error type for 403 in getBillingInfo
Warning: KiotaBuilder Could not create error type for 403 in getBlockingTasks
Warning: KiotaBuilder Could not create error type for 403 in getBranchMergeSessionChange
Warning: KiotaBuilder Could not create error type for 403 in getBranchMergeSessionChanges
Warning: KiotaBuilder Could not create error type for 403 in getBranchMergeSessionConflicts
Warning: KiotaBuilder Could not create error type for 403 in getBranchMergeSessionPreview
Warning: KiotaBuilder Could not create error type for 403 in getBranchMerges
Warning: KiotaBuilder Could not create error type for 403 in getByName
Warning: KiotaBuilder Could not create error type for 403 in getCheckTypes
Warning: KiotaBuilder Could not create error type for 403 in getCloudPlans
Warning: KiotaBuilder Could not create error type for 403 in getConnectedWorkspaces
Warning: KiotaBuilder Could not create error type for 403 in getCurrent
Warning: KiotaBuilder Could not create error type for 403 in getCurrentPermissions
Warning: KiotaBuilder Could not create error type for 403 in getCurrentUsage
Warning: KiotaBuilder Could not create error type for 403 in getCurrent_1
Warning: KiotaBuilder Could not create error type for 403 in getDefaultPrompt
Warning: KiotaBuilder Could not create error type for 403 in getDisabledLanguages
Warning: KiotaBuilder Could not create error type for 403 in getDisabledLanguages_2
Warning: KiotaBuilder Could not create error type for 403 in getEntryCounts
Warning: KiotaBuilder Could not create error type for 403 in getExpectedUsage
Warning: KiotaBuilder Could not create error type for 403 in getExpectedUsageDetail
Warning: KiotaBuilder Could not create error type for 403 in getExpectedUsage_1
Warning: KiotaBuilder Could not create error type for 403 in getHierarchy
Warning: KiotaBuilder Could not create error type for 403 in getHighlights
Warning: KiotaBuilder Could not create error type for 403 in getImportFileIssues
Warning: KiotaBuilder Could not create error type for 403 in getImportLanguage
Warning: KiotaBuilder Could not create error type for 403 in getImportResult
Warning: KiotaBuilder Could not create error type for 403 in getImportTranslations
Warning: KiotaBuilder Could not create error type for 403 in getInfo
Warning: KiotaBuilder Could not create error type for 403 in getInfo_1
Warning: KiotaBuilder Could not create error type for 403 in getInfo_3
Warning: KiotaBuilder Could not create error type for 403 in getInfo_4
Warning: KiotaBuilder Could not create error type for 403 in getInfo_5
Warning: KiotaBuilder Could not create error type for 403 in getInvitations
Warning: KiotaBuilder Could not create error type for 403 in getInvoicePdf
Warning: KiotaBuilder Could not create error type for 403 in getInvoices
Warning: KiotaBuilder Could not create error type for 403 in getIssues
Warning: KiotaBuilder Could not create error type for 403 in getKeyScreenshots_1
Warning: KiotaBuilder Could not create error type for 403 in getLabelsByIds
Warning: KiotaBuilder Could not create error type for 403 in getLanguagePromptCustomizations
Warning: KiotaBuilder Could not create error type for 403 in getLanguageSettings
Warning: KiotaBuilder Could not create error type for 403 in getLanguageSettingsResolved
Warning: KiotaBuilder Could not create error type for 403 in getLanguages
Warning: KiotaBuilder Could not create error type for 403 in getLatest
Warning: KiotaBuilder Could not create error type for 403 in getMachineTranslationLanguageInfo
Warning: KiotaBuilder Could not create error type for 403 in getMachineTranslationSettings
Warning: KiotaBuilder Could not create error type for 403 in getModifiedEntitiesByRevision
Warning: KiotaBuilder Could not create error type for 403 in getMtCreditPrices
Warning: KiotaBuilder Could not create error type for 403 in getNotifications
Warning: KiotaBuilder Could not create error type for 403 in getNotificationsSettings
Warning: KiotaBuilder Could not create error type for 403 in getOrganizationCredits
Warning: KiotaBuilder Could not create error type for 403 in getOrganizations_1
Warning: KiotaBuilder Could not create error type for 403 in getPerLanguageAutoTranslationSettings
Warning: KiotaBuilder Could not create error type for 403 in getPerUserReport
Warning: KiotaBuilder Could not create error type for 403 in getPlans_3
Warning: KiotaBuilder Could not create error type for 403 in getPossibleAssignees
Warning: KiotaBuilder Could not create error type for 403 in getPreferredAgency
Warning: KiotaBuilder Could not create error type for 403 in getProjectCredits
Warning: KiotaBuilder Could not create error type for 403 in getProjectDailyActivity
Warning: KiotaBuilder Could not create error type for 403 in getProjectInvitations
Warning: KiotaBuilder Could not create error type for 403 in getProjectLocks
Warning: KiotaBuilder Could not create error type for 403 in getProjectStats
Warning: KiotaBuilder Could not create error type for 403 in getPrompt
Warning: KiotaBuilder Could not create error type for 403 in getPromptProjectCustomization
Warning: KiotaBuilder Could not create error type for 403 in getPublicConfiguration
Warning: KiotaBuilder Could not create error type for 403 in getQaIssueCountsByCheckType
Warning: KiotaBuilder Could not create error type for 403 in getRoles
Warning: KiotaBuilder Could not create error type for 403 in getScopes
Warning: KiotaBuilder Could not create error type for 403 in getSelfHostedEeSubscriptions
Warning: KiotaBuilder Could not create error type for 403 in getSelfHostedPlans
Warning: KiotaBuilder Could not create error type for 403 in getServerProviders
Warning: KiotaBuilder Could not create error type for 403 in getSettings
Warning: KiotaBuilder Could not create error type for 403 in getSingleRevision
Warning: KiotaBuilder Could not create error type for 403 in getSso
Warning: KiotaBuilder Could not create error type for 403 in getStorageField
Warning: KiotaBuilder Could not create error type for 403 in getSubscription
Warning: KiotaBuilder Could not create error type for 403 in getSuggestions
Warning: KiotaBuilder Could not create error type for 403 in getSuperToken
Warning: KiotaBuilder Could not create error type for 403 in getTask
Warning: KiotaBuilder Could not create error type for 403 in getTaskKeys
Warning: KiotaBuilder Could not create error type for 403 in getTasks
Warning: KiotaBuilder Could not create error type for 403 in getTasks_2
Warning: KiotaBuilder Could not create error type for 403 in getTransferOptions
Warning: KiotaBuilder Could not create error type for 403 in getTranslationHistory
Warning: KiotaBuilder Could not create error type for 403 in getTranslations
Warning: KiotaBuilder Could not create error type for 403 in getUsage
Warning: KiotaBuilder Could not create error type for 403 in getUsageDetail
Warning: KiotaBuilder Could not create error type for 403 in getUsage_1
Warning: KiotaBuilder Could not create error type for 403 in getUsage_2
Warning: KiotaBuilder Could not create error type for 403 in getUsedNamespaces
Warning: KiotaBuilder Could not create error type for 403 in getUsers_1
Warning: KiotaBuilder Could not create error type for 403 in getXlsxReport
Warning: KiotaBuilder Could not create error type for 403 in get_10
Warning: KiotaBuilder Could not create error type for 403 in get_11
Warning: KiotaBuilder Could not create error type for 403 in get_12
Warning: KiotaBuilder Could not create error type for 403 in get_13
Warning: KiotaBuilder Could not create error type for 403 in get_14
Warning: KiotaBuilder Could not create error type for 403 in get_15
Warning: KiotaBuilder Could not create error type for 403 in get_16
Warning: KiotaBuilder Could not create error type for 403 in get_17
Warning: KiotaBuilder Could not create error type for 403 in get_19
Warning: KiotaBuilder Could not create error type for 403 in get_2
Warning: KiotaBuilder Could not create error type for 403 in get_21
Warning: KiotaBuilder Could not create error type for 403 in get_23
Warning: KiotaBuilder Could not create error type for 403 in get_26
Warning: KiotaBuilder Could not create error type for 403 in get_28
Warning: KiotaBuilder Could not create error type for 403 in get_3
Warning: KiotaBuilder Could not create error type for 403 in get_4
Warning: KiotaBuilder Could not create error type for 403 in get_6
Warning: KiotaBuilder Could not create error type for 403 in get_8
Warning: KiotaBuilder Could not create error type for 403 in hardDeleteKeys
Warning: KiotaBuilder Could not create error type for 403 in ignoreIssue
Warning: KiotaBuilder Could not create error type for 403 in importCsv
Warning: KiotaBuilder Could not create error type for 403 in importKeys
Warning: KiotaBuilder Could not create error type for 403 in importKeys_2
Warning: KiotaBuilder Could not create error type for 403 in importTmx
Warning: KiotaBuilder Could not create error type for 403 in invitationInfo
Warning: KiotaBuilder Could not create error type for 403 in inviteUser
Warning: KiotaBuilder Could not create error type for 403 in inviteUser_1
Warning: KiotaBuilder Could not create error type for 403 in leaveOrganization
Warning: KiotaBuilder Could not create error type for 403 in leaveProject
Warning: KiotaBuilder Could not create error type for 403 in list
Warning: KiotaBuilder Could not create error type for 403 in listDeleters
Warning: KiotaBuilder Could not create error type for 403 in list_1
Warning: KiotaBuilder Could not create error type for 403 in list_2
Warning: KiotaBuilder Could not create error type for 403 in list_3
Warning: KiotaBuilder Could not create error type for 403 in list_4
Warning: KiotaBuilder Could not create error type for 403 in list_6
Warning: KiotaBuilder Could not create error type for 403 in list_8
Warning: KiotaBuilder Could not create error type for 403 in machineTranslation
Warning: KiotaBuilder Could not create error type for 403 in markNotificationsAsSeen
Warning: KiotaBuilder Could not create error type for 403 in merge
Warning: KiotaBuilder Could not create error type for 403 in myList
Warning: KiotaBuilder Could not create error type for 403 in onInteractivityEvent
Warning: KiotaBuilder Could not create error type for 403 in permanentlyDelete
Warning: KiotaBuilder Could not create error type for 403 in post
Warning: KiotaBuilder Could not create error type for 403 in prepareSetLicenseKey_1
Warning: KiotaBuilder Could not create error type for 403 in putNotificationSetting
Warning: KiotaBuilder Could not create error type for 403 in qaCheck
Warning: KiotaBuilder Could not create error type for 403 in refreshBranchMerge
Warning: KiotaBuilder Could not create error type for 403 in refreshSubscription
Warning: KiotaBuilder Could not create error type for 403 in regenerate
Warning: KiotaBuilder Could not create error type for 403 in regenerateRecoveryCodes
Warning: KiotaBuilder Could not create error type for 403 in regenerate_1
Warning: KiotaBuilder Could not create error type for 403 in release
Warning: KiotaBuilder Could not create error type for 403 in removeAvatar
Warning: KiotaBuilder Could not create error type for 403 in removeAvatar_1
Warning: KiotaBuilder Could not create error type for 403 in removeAvatar_2
Warning: KiotaBuilder Could not create error type for 403 in removeDirectProjectPermissions
Warning: KiotaBuilder Could not create error type for 403 in removeSuppression
Warning: KiotaBuilder Could not create error type for 403 in removeTag
Warning: KiotaBuilder Could not create error type for 403 in removeUser
Warning: KiotaBuilder Could not create error type for 403 in rename
Warning: KiotaBuilder Could not create error type for 403 in reopenTask
Warning: KiotaBuilder Could not create error type for 403 in resetExistingLanguage
Warning: KiotaBuilder Could not create error type for 403 in resolveAllConflicts
Warning: KiotaBuilder Could not create error type for 403 in resolveConflict
Warning: KiotaBuilder Could not create error type for 403 in resolveTranslationSetKeepExisting
Warning: KiotaBuilder Could not create error type for 403 in resolveTranslationSetKeepExisting_2
Warning: KiotaBuilder Could not create error type for 403 in resolveTranslationSetOverride
Warning: KiotaBuilder Could not create error type for 403 in resolveTranslationSetOverride_2
Warning: KiotaBuilder Could not create error type for 403 in restore
Warning: KiotaBuilder Could not create error type for 403 in restoreKeys
Warning: KiotaBuilder Could not create error type for 403 in revokePermission
Warning: KiotaBuilder Could not create error type for 403 in run
Warning: KiotaBuilder Could not create error type for 403 in searchForKey
Warning: KiotaBuilder Could not create error type for 403 in selectAll
Warning: KiotaBuilder Could not create error type for 403 in selectExistingLanguage
Warning: KiotaBuilder Could not create error type for 403 in selectKeys
Warning: KiotaBuilder Could not create error type for 403 in selectKeys_2
Warning: KiotaBuilder Could not create error type for 403 in selectNamespace
Warning: KiotaBuilder Could not create error type for 403 in sendEmailVerification
Warning: KiotaBuilder Could not create error type for 403 in setBasePermissions
Warning: KiotaBuilder Could not create error type for 403 in setBasePermissions_1
Warning: KiotaBuilder Could not create error type for 403 in setDisabledLanguages
Warning: KiotaBuilder Could not create error type for 403 in setFinishedState
Warning: KiotaBuilder Could not create error type for 403 in setKeysNamespace
Warning: KiotaBuilder Could not create error type for 403 in setLanguage
Warning: KiotaBuilder Could not create error type for 403 in setLanguagePromptCustomization
Warning: KiotaBuilder Could not create error type for 403 in setLicenseKey
Warning: KiotaBuilder Could not create error type for 403 in setMachineTranslationSettings
Warning: KiotaBuilder Could not create error type for 403 in setMachineTranslationSettings_1
Warning: KiotaBuilder Could not create error type for 403 in setOpenState
Warning: KiotaBuilder Could not create error type for 403 in setOutdated
Warning: KiotaBuilder Could not create error type for 403 in setPerLanguageAutoTranslationSettings
Warning: KiotaBuilder Could not create error type for 403 in setPreferredOrganization
Warning: KiotaBuilder Could not create error type for 403 in setPromptProjectCustomization
Warning: KiotaBuilder Could not create error type for 403 in setProtected
Warning: KiotaBuilder Could not create error type for 403 in setProvider
Warning: KiotaBuilder Could not create error type for 403 in setQaEnabled
Warning: KiotaBuilder Could not create error type for 403 in setRole
Warning: KiotaBuilder Could not create error type for 403 in setState
Warning: KiotaBuilder Could not create error type for 403 in setStorageField
Warning: KiotaBuilder Could not create error type for 403 in setTranslationState
Warning: KiotaBuilder Could not create error type for 403 in setTranslationState_2
Warning: KiotaBuilder Could not create error type for 403 in setTranslations
Warning: KiotaBuilder Could not create error type for 403 in setUserRole
Warning: KiotaBuilder Could not create error type for 403 in setUsersPermissions
Warning: KiotaBuilder Could not create error type for 403 in setUsersPermissions_1
Warning: KiotaBuilder Could not create error type for 403 in setWriteOnlyReviewed
Warning: KiotaBuilder Could not create error type for 403 in singleStepFromFiles
Warning: KiotaBuilder Could not create error type for 403 in singleStepResolvableImport
Warning: KiotaBuilder Could not create error type for 403 in slackCommand
Warning: KiotaBuilder Could not create error type for 403 in store
Warning: KiotaBuilder Could not create error type for 403 in store_2
Warning: KiotaBuilder Could not create error type for 403 in suggestMachineTranslations
Warning: KiotaBuilder Could not create error type for 403 in suggestMachineTranslationsStreaming
Warning: KiotaBuilder Could not create error type for 403 in suggestTranslationMemory
Warning: KiotaBuilder Could not create error type for 403 in suggestionSetActive
Warning: KiotaBuilder Could not create error type for 403 in tagKey
Warning: KiotaBuilder Could not create error type for 403 in tagKeys
Warning: KiotaBuilder Could not create error type for 403 in test
Warning: KiotaBuilder Could not create error type for 403 in testExisting
Warning: KiotaBuilder Could not create error type for 403 in test_1
Warning: KiotaBuilder Could not create error type for 403 in transferProjectToOrganization
Warning: KiotaBuilder Could not create error type for 403 in translate_1
Warning: KiotaBuilder Could not create error type for 403 in unassign
Warning: KiotaBuilder Could not create error type for 403 in unassignLabel
Warning: KiotaBuilder Could not create error type for 403 in unassignTranslationLabel
Warning: KiotaBuilder Could not create error type for 403 in unignoreIssue
Warning: KiotaBuilder Could not create error type for 403 in untagKeys
Warning: KiotaBuilder Could not create error type for 403 in update
Warning: KiotaBuilder Could not create error type for 403 in updateAssignment
Warning: KiotaBuilder Could not create error type for 403 in updateLabel
Warning: KiotaBuilder Could not create error type for 403 in updateLanguageSettings
Warning: KiotaBuilder Could not create error type for 403 in updateProjectTmSettings
Warning: KiotaBuilder Could not create error type for 403 in updatePrompt
Warning: KiotaBuilder Could not create error type for 403 in updateProvider
Warning: KiotaBuilder Could not create error type for 403 in updateSettings
Warning: KiotaBuilder Could not create error type for 403 in updateTask
Warning: KiotaBuilder Could not create error type for 403 in updateTaskKey
Warning: KiotaBuilder Could not create error type for 403 in updateTaskKeys
Warning: KiotaBuilder Could not create error type for 403 in updateUser
Warning: KiotaBuilder Could not create error type for 403 in updateUserPassword
Warning: KiotaBuilder Could not create error type for 403 in update_1
Warning: KiotaBuilder Could not create error type for 403 in update_10
Warning: KiotaBuilder Could not create error type for 403 in update_11
Warning: KiotaBuilder Could not create error type for 403 in update_12
Warning: KiotaBuilder Could not create error type for 403 in update_13
Warning: KiotaBuilder Could not create error type for 403 in update_15
Warning: KiotaBuilder Could not create error type for 403 in update_3
Warning: KiotaBuilder Could not create error type for 403 in update_5
Warning: KiotaBuilder Could not create error type for 403 in update_6
Warning: KiotaBuilder Could not create error type for 403 in update_7
Warning: KiotaBuilder Could not create error type for 403 in update_8
Warning: KiotaBuilder Could not create error type for 403 in update_9
Warning: KiotaBuilder Could not create error type for 403 in upload
Warning: KiotaBuilder Could not create error type for 403 in uploadAvatar
Warning: KiotaBuilder Could not create error type for 403 in uploadAvatar_1
Warning: KiotaBuilder Could not create error type for 403 in uploadAvatar_2
Warning: KiotaBuilder Could not create error type for 403 in uploadScreenshot_1
Warning: KiotaBuilder Could not create error type for 403 in userLogin
Warning: KiotaBuilder Could not create error type for 403 in validateOrganizationSlug
Warning: KiotaBuilder Could not create error type for 403 in variables
Warning: KiotaBuilder Could not create error type for 404 in acceptInvitation
Warning: KiotaBuilder Could not create error type for 404 in acceptInvitationPut
Warning: KiotaBuilder Could not create error type for 404 in acceptSuggestion
Warning: KiotaBuilder Could not create error type for 404 in addFiles
Warning: KiotaBuilder Could not create error type for 404 in aiPlaygroundTranslate
Warning: KiotaBuilder Could not create error type for 404 in all
Warning: KiotaBuilder Could not create error type for 404 in allByProject
Warning: KiotaBuilder Could not create error type for 404 in allByUser
Warning: KiotaBuilder Could not create error type for 404 in applyImport
Warning: KiotaBuilder Could not create error type for 404 in assign
Warning: KiotaBuilder Could not create error type for 404 in assignLabel
Warning: KiotaBuilder Could not create error type for 404 in assignLabel_2
Warning: KiotaBuilder Could not create error type for 404 in assignTranslationLabel
Warning: KiotaBuilder Could not create error type for 404 in authenticateUser
Warning: KiotaBuilder Could not create error type for 404 in authenticateUser_1
Warning: KiotaBuilder Could not create error type for 404 in autoTranslate
Warning: KiotaBuilder Could not create error type for 404 in calculateScope
Warning: KiotaBuilder Could not create error type for 404 in cancel
Warning: KiotaBuilder Could not create error type for 404 in cancelImport
Warning: KiotaBuilder Could not create error type for 404 in cancelSubscription
Warning: KiotaBuilder Could not create error type for 404 in cancelTask
Warning: KiotaBuilder Could not create error type for 404 in clearTranslations
Warning: KiotaBuilder Could not create error type for 404 in closeTask
Warning: KiotaBuilder Could not create error type for 404 in completeGuideStep
Warning: KiotaBuilder Could not create error type for 404 in complexEdit
Warning: KiotaBuilder Could not create error type for 404 in connectToSlack
Warning: KiotaBuilder Could not create error type for 404 in connectWorkspace
Warning: KiotaBuilder Could not create error type for 404 in copyTranslations
Warning: KiotaBuilder Could not create error type for 404 in create
Warning: KiotaBuilder Could not create error type for 404 in createLabel
Warning: KiotaBuilder Could not create error type for 404 in createLanguage
Warning: KiotaBuilder Could not create error type for 404 in createMultiple
Warning: KiotaBuilder Could not create error type for 404 in createOrUpdateTranslations
Warning: KiotaBuilder Could not create error type for 404 in createProject
Warning: KiotaBuilder Could not create error type for 404 in createPrompt
Warning: KiotaBuilder Could not create error type for 404 in createProvider
Warning: KiotaBuilder Could not create error type for 404 in createSuggestion
Warning: KiotaBuilder Could not create error type for 404 in createSuppression
Warning: KiotaBuilder Could not create error type for 404 in createTask
Warning: KiotaBuilder Could not create error type for 404 in createTasks
Warning: KiotaBuilder Could not create error type for 404 in createTranslationOrder
Warning: KiotaBuilder Could not create error type for 404 in create_1
Warning: KiotaBuilder Could not create error type for 404 in create_10
Warning: KiotaBuilder Could not create error type for 404 in create_11
Warning: KiotaBuilder Could not create error type for 404 in create_13
Warning: KiotaBuilder Could not create error type for 404 in create_14
Warning: KiotaBuilder Could not create error type for 404 in create_15
Warning: KiotaBuilder Could not create error type for 404 in create_16
Warning: KiotaBuilder Could not create error type for 404 in create_17
Warning: KiotaBuilder Could not create error type for 404 in create_18
Warning: KiotaBuilder Could not create error type for 404 in create_19
Warning: KiotaBuilder Could not create error type for 404 in create_3
Warning: KiotaBuilder Could not create error type for 404 in create_5
Warning: KiotaBuilder Could not create error type for 404 in create_6
Warning: KiotaBuilder Could not create error type for 404 in create_9
Warning: KiotaBuilder Could not create error type for 404 in currentJobs
Warning: KiotaBuilder Could not create error type for 404 in declineSuggestion
Warning: KiotaBuilder Could not create error type for 404 in delete
Warning: KiotaBuilder Could not create error type for 404 in deleteBranchMerge
Warning: KiotaBuilder Could not create error type for 404 in deleteGroup
Warning: KiotaBuilder Could not create error type for 404 in deleteInvitation
Warning: KiotaBuilder Could not create error type for 404 in deleteKeys
Warning: KiotaBuilder Could not create error type for 404 in deleteLabel
Warning: KiotaBuilder Could not create error type for 404 in deleteLanguage
Warning: KiotaBuilder Could not create error type for 404 in deleteLanguageSettings
Warning: KiotaBuilder Could not create error type for 404 in deleteLanguage_2
Warning: KiotaBuilder Could not create error type for 404 in deleteMultiple
Warning: KiotaBuilder Could not create error type for 404 in deleteMultipleGroups
Warning: KiotaBuilder Could not create error type for 404 in deleteProject
Warning: KiotaBuilder Could not create error type for 404 in deletePrompt
Warning: KiotaBuilder Could not create error type for 404 in deleteProvider
Warning: KiotaBuilder Could not create error type for 404 in deleteScreenshots_1
Warning: KiotaBuilder Could not create error type for 404 in deleteSuggestion
Warning: KiotaBuilder Could not create error type for 404 in deleteUser
Warning: KiotaBuilder Could not create error type for 404 in delete_1
Warning: KiotaBuilder Could not create error type for 404 in delete_10
Warning: KiotaBuilder Could not create error type for 404 in delete_11
Warning: KiotaBuilder Could not create error type for 404 in delete_12
Warning: KiotaBuilder Could not create error type for 404 in delete_14
Warning: KiotaBuilder Could not create error type for 404 in delete_16
Warning: KiotaBuilder Could not create error type for 404 in delete_18
Warning: KiotaBuilder Could not create error type for 404 in delete_2
Warning: KiotaBuilder Could not create error type for 404 in delete_20
Warning: KiotaBuilder Could not create error type for 404 in delete_4
Warning: KiotaBuilder Could not create error type for 404 in delete_5
Warning: KiotaBuilder Could not create error type for 404 in delete_6
Warning: KiotaBuilder Could not create error type for 404 in delete_7
Warning: KiotaBuilder Could not create error type for 404 in delete_8
Warning: KiotaBuilder Could not create error type for 404 in delete_9
Warning: KiotaBuilder Could not create error type for 404 in disableMfa
Warning: KiotaBuilder Could not create error type for 404 in disableUser
Warning: KiotaBuilder Could not create error type for 404 in disconnectWorkspace
Warning: KiotaBuilder Could not create error type for 404 in dismiss
Warning: KiotaBuilder Could not create error type for 404 in dismissAutoTranslatedState
Warning: KiotaBuilder Could not create error type for 404 in doExportJsonZip
Warning: KiotaBuilder Could not create error type for 404 in dryRunMerge
Warning: KiotaBuilder Could not create error type for 404 in edit
Warning: KiotaBuilder Could not create error type for 404 in editLanguage
Warning: KiotaBuilder Could not create error type for 404 in editProject
Warning: KiotaBuilder Could not create error type for 404 in enableMfa
Warning: KiotaBuilder Could not create error type for 404 in enableUser
Warning: KiotaBuilder Could not create error type for 404 in executeComplexTagOperation
Warning: KiotaBuilder Could not create error type for 404 in export
Warning: KiotaBuilder Could not create error type for 404 in exportData
Warning: KiotaBuilder Could not create error type for 404 in exportPost
Warning: KiotaBuilder Could not create error type for 404 in exportTmx
Warning: KiotaBuilder Could not create error type for 404 in fetchBotEvent
Warning: KiotaBuilder Could not create error type for 404 in find
Warning: KiotaBuilder Could not create error type for 404 in findProvider
Warning: KiotaBuilder Could not create error type for 404 in finishTask
Warning: KiotaBuilder Could not create error type for 404 in generateOrganizationSlug
Warning: KiotaBuilder Could not create error type for 404 in generateUserToken
Warning: KiotaBuilder Could not create error type for 404 in get
Warning: KiotaBuilder Could not create error type for 404 in getActivity
Warning: KiotaBuilder Could not create error type for 404 in getAiPlaygroundResult
Warning: KiotaBuilder Could not create error type for 404 in getAll
Warning: KiotaBuilder Could not create error type for 404 in getAllBaseLanguagesInUse
Warning: KiotaBuilder Could not create error type for 404 in getAllIds
Warning: KiotaBuilder Could not create error type for 404 in getAllKeys
Warning: KiotaBuilder Could not create error type for 404 in getAllLanguageSettings
Warning: KiotaBuilder Could not create error type for 404 in getAllLanguagesInUse
Warning: KiotaBuilder Could not create error type for 404 in getAllNamespaces
Warning: KiotaBuilder Could not create error type for 404 in getAllNamespaces_2
Warning: KiotaBuilder Could not create error type for 404 in getAllPaged
Warning: KiotaBuilder Could not create error type for 404 in getAllProjects_1
Warning: KiotaBuilder Could not create error type for 404 in getAllSingleOwnedOrganizations
Warning: KiotaBuilder Could not create error type for 404 in getAllStoredEntryIds
Warning: KiotaBuilder Could not create error type for 404 in getAllTranslations
Warning: KiotaBuilder Could not create error type for 404 in getAllUsers
Warning: KiotaBuilder Could not create error type for 404 in getAllUsers_1
Warning: KiotaBuilder Could not create error type for 404 in getAllWithStatistics_2
Warning: KiotaBuilder Could not create error type for 404 in getAllWithStats
Warning: KiotaBuilder Could not create error type for 404 in getAllWithStats_1
Warning: KiotaBuilder Could not create error type for 404 in getAllWithTranslations
Warning: KiotaBuilder Could not create error type for 404 in getAll_1
Warning: KiotaBuilder Could not create error type for 404 in getAll_10
Warning: KiotaBuilder Could not create error type for 404 in getAll_11
Warning: KiotaBuilder Could not create error type for 404 in getAll_12
Warning: KiotaBuilder Could not create error type for 404 in getAll_13
Warning: KiotaBuilder Could not create error type for 404 in getAll_14
Warning: KiotaBuilder Could not create error type for 404 in getAll_16
Warning: KiotaBuilder Could not create error type for 404 in getAll_3
Warning: KiotaBuilder Could not create error type for 404 in getAll_5
Warning: KiotaBuilder Could not create error type for 404 in getAll_7
Warning: KiotaBuilder Could not create error type for 404 in getAll_9
Warning: KiotaBuilder Could not create error type for 404 in getAssignedGlossaries
Warning: KiotaBuilder Could not create error type for 404 in getAssignedProjects
Warning: KiotaBuilder Could not create error type for 404 in getAssignedProjects_1
Warning: KiotaBuilder Could not create error type for 404 in getAuthenticationUrl
Warning: KiotaBuilder Could not create error type for 404 in getAvailableProviders
Warning: KiotaBuilder Could not create error type for 404 in getBatchJobQueue
Warning: KiotaBuilder Could not create error type for 404 in getBigMeta
Warning: KiotaBuilder Could not create error type for 404 in getBillingInfo
Warning: KiotaBuilder Could not create error type for 404 in getBlockingTasks
Warning: KiotaBuilder Could not create error type for 404 in getBranchMergeSessionChange
Warning: KiotaBuilder Could not create error type for 404 in getBranchMergeSessionChanges
Warning: KiotaBuilder Could not create error type for 404 in getBranchMergeSessionConflicts
Warning: KiotaBuilder Could not create error type for 404 in getBranchMergeSessionPreview
Warning: KiotaBuilder Could not create error type for 404 in getBranchMerges
Warning: KiotaBuilder Could not create error type for 404 in getByName
Warning: KiotaBuilder Could not create error type for 404 in getCheckTypes
Warning: KiotaBuilder Could not create error type for 404 in getCloudPlans
Warning: KiotaBuilder Could not create error type for 404 in getConnectedWorkspaces
Warning: KiotaBuilder Could not create error type for 404 in getCurrent
Warning: KiotaBuilder Could not create error type for 404 in getCurrentPermissions
Warning: KiotaBuilder Could not create error type for 404 in getCurrentUsage
Warning: KiotaBuilder Could not create error type for 404 in getCurrent_1
Warning: KiotaBuilder Could not create error type for 404 in getDefaultPrompt
Warning: KiotaBuilder Could not create error type for 404 in getDisabledLanguages
Warning: KiotaBuilder Could not create error type for 404 in getDisabledLanguages_2
Warning: KiotaBuilder Could not create error type for 404 in getEntryCounts
Warning: KiotaBuilder Could not create error type for 404 in getExpectedUsage
Warning: KiotaBuilder Could not create error type for 404 in getExpectedUsageDetail
Warning: KiotaBuilder Could not create error type for 404 in getExpectedUsage_1
Warning: KiotaBuilder Could not create error type for 404 in getHierarchy
Warning: KiotaBuilder Could not create error type for 404 in getHighlights
Warning: KiotaBuilder Could not create error type for 404 in getImportFileIssues
Warning: KiotaBuilder Could not create error type for 404 in getImportLanguage
Warning: KiotaBuilder Could not create error type for 404 in getImportResult
Warning: KiotaBuilder Could not create error type for 404 in getImportTranslations
Warning: KiotaBuilder Could not create error type for 404 in getInfo
Warning: KiotaBuilder Could not create error type for 404 in getInfo_1
Warning: KiotaBuilder Could not create error type for 404 in getInfo_3
Warning: KiotaBuilder Could not create error type for 404 in getInfo_4
Warning: KiotaBuilder Could not create error type for 404 in getInfo_5
Warning: KiotaBuilder Could not create error type for 404 in getInvitations
Warning: KiotaBuilder Could not create error type for 404 in getInvoicePdf
Warning: KiotaBuilder Could not create error type for 404 in getInvoices
Warning: KiotaBuilder Could not create error type for 404 in getIssues
Warning: KiotaBuilder Could not create error type for 404 in getKeyScreenshots_1
Warning: KiotaBuilder Could not create error type for 404 in getLabelsByIds
Warning: KiotaBuilder Could not create error type for 404 in getLanguagePromptCustomizations
Warning: KiotaBuilder Could not create error type for 404 in getLanguageSettings
Warning: KiotaBuilder Could not create error type for 404 in getLanguageSettingsResolved
Warning: KiotaBuilder Could not create error type for 404 in getLanguages
Warning: KiotaBuilder Could not create error type for 404 in getLatest
Warning: KiotaBuilder Could not create error type for 404 in getMachineTranslationLanguageInfo
Warning: KiotaBuilder Could not create error type for 404 in getMachineTranslationSettings
Warning: KiotaBuilder Could not create error type for 404 in getModifiedEntitiesByRevision
Warning: KiotaBuilder Could not create error type for 404 in getMtCreditPrices
Warning: KiotaBuilder Could not create error type for 404 in getNotifications
Warning: KiotaBuilder Could not create error type for 404 in getNotificationsSettings
Warning: KiotaBuilder Could not create error type for 404 in getOrganizationCredits
Warning: KiotaBuilder Could not create error type for 404 in getOrganizations_1
Warning: KiotaBuilder Could not create error type for 404 in getPerLanguageAutoTranslationSettings
Warning: KiotaBuilder Could not create error type for 404 in getPerUserReport
Warning: KiotaBuilder Could not create error type for 404 in getPlans_3
Warning: KiotaBuilder Could not create error type for 404 in getPossibleAssignees
Warning: KiotaBuilder Could not create error type for 404 in getPreferredAgency
Warning: KiotaBuilder Could not create error type for 404 in getProjectCredits
Warning: KiotaBuilder Could not create error type for 404 in getProjectDailyActivity
Warning: KiotaBuilder Could not create error type for 404 in getProjectInvitations
Warning: KiotaBuilder Could not create error type for 404 in getProjectLocks
Warning: KiotaBuilder Could not create error type for 404 in getProjectStats
Warning: KiotaBuilder Could not create error type for 404 in getPrompt
Warning: KiotaBuilder Could not create error type for 404 in getPromptProjectCustomization
Warning: KiotaBuilder Could not create error type for 404 in getPublicConfiguration
Warning: KiotaBuilder Could not create error type for 404 in getQaIssueCountsByCheckType
Warning: KiotaBuilder Could not create error type for 404 in getRoles
Warning: KiotaBuilder Could not create error type for 404 in getScopes
Warning: KiotaBuilder Could not create error type for 404 in getSelfHostedEeSubscriptions
Warning: KiotaBuilder Could not create error type for 404 in getSelfHostedPlans
Warning: KiotaBuilder Could not create error type for 404 in getServerProviders
Warning: KiotaBuilder Could not create error type for 404 in getSettings
Warning: KiotaBuilder Could not create error type for 404 in getSingleRevision
Warning: KiotaBuilder Could not create error type for 404 in getSso
Warning: KiotaBuilder Could not create error type for 404 in getStorageField
Warning: KiotaBuilder Could not create error type for 404 in getSubscription
Warning: KiotaBuilder Could not create error type for 404 in getSuggestions
Warning: KiotaBuilder Could not create error type for 404 in getSuperToken
Warning: KiotaBuilder Could not create error type for 404 in getTask
Warning: KiotaBuilder Could not create error type for 404 in getTaskKeys
Warning: KiotaBuilder Could not create error type for 404 in getTasks
Warning: KiotaBuilder Could not create error type for 404 in getTasks_2
Warning: KiotaBuilder Could not create error type for 404 in getTransferOptions
Warning: KiotaBuilder Could not create error type for 404 in getTranslationHistory
Warning: KiotaBuilder Could not create error type for 404 in getTranslations
Warning: KiotaBuilder Could not create error type for 404 in getUsage
Warning: KiotaBuilder Could not create error type for 404 in getUsageDetail
Warning: KiotaBuilder Could not create error type for 404 in getUsage_1
Warning: KiotaBuilder Could not create error type for 404 in getUsage_2
Warning: KiotaBuilder Could not create error type for 404 in getUsedNamespaces
Warning: KiotaBuilder Could not create error type for 404 in getUsers_1
Warning: KiotaBuilder Could not create error type for 404 in getXlsxReport
Warning: KiotaBuilder Could not create error type for 404 in get_10
Warning: KiotaBuilder Could not create error type for 404 in get_11
Warning: KiotaBuilder Could not create error type for 404 in get_12
Warning: KiotaBuilder Could not create error type for 404 in get_13
Warning: KiotaBuilder Could not create error type for 404 in get_14
Warning: KiotaBuilder Could not create error type for 404 in get_15
Warning: KiotaBuilder Could not create error type for 404 in get_16
Warning: KiotaBuilder Could not create error type for 404 in get_17
Warning: KiotaBuilder Could not create error type for 404 in get_19
Warning: KiotaBuilder Could not create error type for 404 in get_2
Warning: KiotaBuilder Could not create error type for 404 in get_21
Warning: KiotaBuilder Could not create error type for 404 in get_23
Warning: KiotaBuilder Could not create error type for 404 in get_26
Warning: KiotaBuilder Could not create error type for 404 in get_28
Warning: KiotaBuilder Could not create error type for 404 in get_3
Warning: KiotaBuilder Could not create error type for 404 in get_4
Warning: KiotaBuilder Could not create error type for 404 in get_6
Warning: KiotaBuilder Could not create error type for 404 in get_8
Warning: KiotaBuilder Could not create error type for 404 in hardDeleteKeys
Warning: KiotaBuilder Could not create error type for 404 in ignoreIssue
Warning: KiotaBuilder Could not create error type for 404 in importCsv
Warning: KiotaBuilder Could not create error type for 404 in importKeys
Warning: KiotaBuilder Could not create error type for 404 in importKeys_2
Warning: KiotaBuilder Could not create error type for 404 in importTmx
Warning: KiotaBuilder Could not create error type for 404 in invitationInfo
Warning: KiotaBuilder Could not create error type for 404 in inviteUser
Warning: KiotaBuilder Could not create error type for 404 in inviteUser_1
Warning: KiotaBuilder Could not create error type for 404 in leaveOrganization
Warning: KiotaBuilder Could not create error type for 404 in leaveProject
Warning: KiotaBuilder Could not create error type for 404 in list
Warning: KiotaBuilder Could not create error type for 404 in listDeleters
Warning: KiotaBuilder Could not create error type for 404 in list_1
Warning: KiotaBuilder Could not create error type for 404 in list_2
Warning: KiotaBuilder Could not create error type for 404 in list_3
Warning: KiotaBuilder Could not create error type for 404 in list_4
Warning: KiotaBuilder Could not create error type for 404 in list_6
Warning: KiotaBuilder Could not create error type for 404 in list_8
Warning: KiotaBuilder Could not create error type for 404 in machineTranslation
Warning: KiotaBuilder Could not create error type for 404 in markNotificationsAsSeen
Warning: KiotaBuilder Could not create error type for 404 in merge
Warning: KiotaBuilder Could not create error type for 404 in myList
Warning: KiotaBuilder Could not create error type for 404 in onInteractivityEvent
Warning: KiotaBuilder Could not create error type for 404 in permanentlyDelete
Warning: KiotaBuilder Could not create error type for 404 in post
Warning: KiotaBuilder Could not create error type for 404 in prepareSetLicenseKey_1
Warning: KiotaBuilder Could not create error type for 404 in putNotificationSetting
Warning: KiotaBuilder Could not create error type for 404 in qaCheck
Warning: KiotaBuilder Could not create error type for 404 in refreshBranchMerge
Warning: KiotaBuilder Could not create error type for 404 in refreshSubscription
Warning: KiotaBuilder Could not create error type for 404 in regenerate
Warning: KiotaBuilder Could not create error type for 404 in regenerateRecoveryCodes
Warning: KiotaBuilder Could not create error type for 404 in regenerate_1
Warning: KiotaBuilder Could not create error type for 404 in release
Warning: KiotaBuilder Could not create error type for 404 in removeAvatar
Warning: KiotaBuilder Could not create error type for 404 in removeAvatar_1
Warning: KiotaBuilder Could not create error type for 404 in removeAvatar_2
Warning: KiotaBuilder Could not create error type for 404 in removeDirectProjectPermissions
Warning: KiotaBuilder Could not create error type for 404 in removeSuppression
Warning: KiotaBuilder Could not create error type for 404 in removeTag
Warning: KiotaBuilder Could not create error type for 404 in removeUser
Warning: KiotaBuilder Could not create error type for 404 in rename
Warning: KiotaBuilder Could not create error type for 404 in reopenTask
Warning: KiotaBuilder Could not create error type for 404 in resetExistingLanguage
Warning: KiotaBuilder Could not create error type for 404 in resolveAllConflicts
Warning: KiotaBuilder Could not create error type for 404 in resolveConflict
Warning: KiotaBuilder Could not create error type for 404 in resolveTranslationSetKeepExisting
Warning: KiotaBuilder Could not create error type for 404 in resolveTranslationSetKeepExisting_2
Warning: KiotaBuilder Could not create error type for 404 in resolveTranslationSetOverride
Warning: KiotaBuilder Could not create error type for 404 in resolveTranslationSetOverride_2
Warning: KiotaBuilder Could not create error type for 404 in restore
Warning: KiotaBuilder Could not create error type for 404 in restoreKeys
Warning: KiotaBuilder Could not create error type for 404 in revokePermission
Warning: KiotaBuilder Could not create error type for 404 in run
Warning: KiotaBuilder Could not create error type for 404 in searchForKey
Warning: KiotaBuilder Could not create error type for 404 in selectAll
Warning: KiotaBuilder Could not create error type for 404 in selectExistingLanguage
Warning: KiotaBuilder Could not create error type for 404 in selectKeys
Warning: KiotaBuilder Could not create error type for 404 in selectKeys_2
Warning: KiotaBuilder Could not create error type for 404 in selectNamespace
Warning: KiotaBuilder Could not create error type for 404 in sendEmailVerification
Warning: KiotaBuilder Could not create error type for 404 in setBasePermissions
Warning: KiotaBuilder Could not create error type for 404 in setBasePermissions_1
Warning: KiotaBuilder Could not create error type for 404 in setDisabledLanguages
Warning: KiotaBuilder Could not create error type for 404 in setFinishedState
Warning: KiotaBuilder Could not create error type for 404 in setKeysNamespace
Warning: KiotaBuilder Could not create error type for 404 in setLanguage
Warning: KiotaBuilder Could not create error type for 404 in setLanguagePromptCustomization
Warning: KiotaBuilder Could not create error type for 404 in setLicenseKey
Warning: KiotaBuilder Could not create error type for 404 in setMachineTranslationSettings
Warning: KiotaBuilder Could not create error type for 404 in setMachineTranslationSettings_1
Warning: KiotaBuilder Could not create error type for 404 in setOpenState
Warning: KiotaBuilder Could not create error type for 404 in setOutdated
Warning: KiotaBuilder Could not create error type for 404 in setPerLanguageAutoTranslationSettings
Warning: KiotaBuilder Could not create error type for 404 in setPreferredOrganization
Warning: KiotaBuilder Could not create error type for 404 in setPromptProjectCustomization
Warning: KiotaBuilder Could not create error type for 404 in setProtected
Warning: KiotaBuilder Could not create error type for 404 in setProvider
Warning: KiotaBuilder Could not create error type for 404 in setQaEnabled
Warning: KiotaBuilder Could not create error type for 404 in setRole
Warning: KiotaBuilder Could not create error type for 404 in setState
Warning: KiotaBuilder Could not create error type for 404 in setStorageField
Warning: KiotaBuilder Could not create error type for 404 in setTranslationState
Warning: KiotaBuilder Could not create error type for 404 in setTranslationState_2
Warning: KiotaBuilder Could not create error type for 404 in setTranslations
Warning: KiotaBuilder Could not create error type for 404 in setUserRole
Warning: KiotaBuilder Could not create error type for 404 in setUsersPermissions
Warning: KiotaBuilder Could not create error type for 404 in setUsersPermissions_1
Warning: KiotaBuilder Could not create error type for 404 in setWriteOnlyReviewed
Warning: KiotaBuilder Could not create error type for 404 in singleStepFromFiles
Warning: KiotaBuilder Could not create error type for 404 in singleStepResolvableImport
Warning: KiotaBuilder Could not create error type for 404 in slackCommand
Warning: KiotaBuilder Could not create error type for 404 in store
Warning: KiotaBuilder Could not create error type for 404 in store_2
Warning: KiotaBuilder Could not create error type for 404 in suggestMachineTranslations
Warning: KiotaBuilder Could not create error type for 404 in suggestMachineTranslationsStreaming
Warning: KiotaBuilder Could not create error type for 404 in suggestTranslationMemory
Warning: KiotaBuilder Could not create error type for 404 in suggestionSetActive
Warning: KiotaBuilder Could not create error type for 404 in tagKey
Warning: KiotaBuilder Could not create error type for 404 in tagKeys
Warning: KiotaBuilder Could not create error type for 404 in test
Warning: KiotaBuilder Could not create error type for 404 in testExisting
Warning: KiotaBuilder Could not create error type for 404 in test_1
Warning: KiotaBuilder Could not create error type for 404 in transferProjectToOrganization
Warning: KiotaBuilder Could not create error type for 404 in translate_1
Warning: KiotaBuilder Could not create error type for 404 in unassign
Warning: KiotaBuilder Could not create error type for 404 in unassignLabel
Warning: KiotaBuilder Could not create error type for 404 in unassignTranslationLabel
Warning: KiotaBuilder Could not create error type for 404 in unignoreIssue
Warning: KiotaBuilder Could not create error type for 404 in untagKeys
Warning: KiotaBuilder Could not create error type for 404 in update
Warning: KiotaBuilder Could not create error type for 404 in updateAssignment
Warning: KiotaBuilder Could not create error type for 404 in updateLabel
Warning: KiotaBuilder Could not create error type for 404 in updateLanguageSettings
Warning: KiotaBuilder Could not create error type for 404 in updateProjectTmSettings
Warning: KiotaBuilder Could not create error type for 404 in updatePrompt
Warning: KiotaBuilder Could not create error type for 404 in updateProvider
Warning: KiotaBuilder Could not create error type for 404 in updateSettings
Warning: KiotaBuilder Could not create error type for 404 in updateTask
Warning: KiotaBuilder Could not create error type for 404 in updateTaskKey
Warning: KiotaBuilder Could not create error type for 404 in updateTaskKeys
Warning: KiotaBuilder Could not create error type for 404 in updateUser
Warning: KiotaBuilder Could not create error type for 404 in updateUserPassword
Warning: KiotaBuilder Could not create error type for 404 in update_1
Warning: KiotaBuilder Could not create error type for 404 in update_10
Warning: KiotaBuilder Could not create error type for 404 in update_11
Warning: KiotaBuilder Could not create error type for 404 in update_12
Warning: KiotaBuilder Could not create error type for 404 in update_13
Warning: KiotaBuilder Could not create error type for 404 in update_15
Warning: KiotaBuilder Could not create error type for 404 in update_3
Warning: KiotaBuilder Could not create error type for 404 in update_5
Warning: KiotaBuilder Could not create error type for 404 in update_6
Warning: KiotaBuilder Could not create error type for 404 in update_7
Warning: KiotaBuilder Could not create error type for 404 in update_8
Warning: KiotaBuilder Could not create error type for 404 in update_9
Warning: KiotaBuilder Could not create error type for 404 in upload
Warning: KiotaBuilder Could not create error type for 404 in uploadAvatar
Warning: KiotaBuilder Could not create error type for 404 in uploadAvatar_1
Warning: KiotaBuilder Could not create error type for 404 in uploadAvatar_2
Warning: KiotaBuilder Could not create error type for 404 in uploadScreenshot_1
Warning: KiotaBuilder Could not create error type for 404 in userLogin
Warning: KiotaBuilder Could not create error type for 404 in validateOrganizationSlug
Warning: KiotaBuilder Could not create error type for 404 in variables
Warning: KiotaBuilder Duplicate operation GET in path default
Warning: KiotaBuilder Duplicate operation GET in path default
Warning: KiotaBuilder Duplicate operation GET in path default
